sigla_uf,situacao_domicilio,comodos,condicao_domicilio,banheiros,moradores,homens,mulheres,agua,coleta_lixo,iluminacao,radio,geladeira,videocassete,maquina_lavar,microondas,telefone,computador,televisores,automoveis,ar_condicionado,iluminacao_publica,pavimentacao,rendimento
AC,1,7,1,1,7,4,3,2,3,1,2,1,2,2,2,2,2,0,0,0,7,3,453
AC,1,5,1,1,4,1,3,1,1,1,2,1,1,2,2,2,2,1,0,0,4,3,371
AC,1,5,1,0,6,3,3,2,1,1,1,1,2,2,2,1,2,1,1,0,6,3,951
AC,1,3,1,0,1,0,1,2,1,1,2,2,2,2,2,2,2,0,0,0,1,3,151
AC,1,3,1,0,9,4,5,2,3,1,2,1,2,2,2,1,2,1,1,0,9,3,918
AC,1,7,1,1,6,3,3,2,3,1,1,1,1,2,2,2,2,1,0,0,6,3,1856
AC,1,5,1,0,5,2,3,2,3,1,1,1,2,2,2,2,2,1,1,0,5,3,330
AC,1,5,1,1,3,1,2,2,1,1,1,1,2,2,2,2,2,1,0,0,3,3,320
AC,1,5,1,1,6,2,4,2,1,1,2,1,2,2,2,2,2,1,0,0,6,3,1054
AC,1,8,1,1,6,2,4,2,1,1,1,1,2,2,2,2,2,1,0,0,6,3,1697
AC,1,4,1,0,4,2,2,3,3,1,2,1,2,2,2,2,2,0,0,0,4,3,320
AC,1,9,1,2,4,2,2,2,3,1,2,1,2,2,2,1,2,1,0,0,4,3,568
AC,1,5,5,1,2,1,1,2,1,1,2,2,2,2,2,2,2,1,0,0,2,3,0
AC,1,3,1,1,5,3,2,2,1,1,1,1,2,2,2,2,2,1,0,0,5,3,300
AC,1,3,1,0,4,1,3,1,1,1,2,1,2,2,2,2,2,1,0,0,4,3,100
AC,1,5,1,0,3,1,2,1,1,1,1,1,2,2,2,1,2,1,0,0,3,3,381
AC,1,7,1,1,4,2,2,2,1,1,2,1,2,2,2,2,2,0,0,0,4,3,656
AC,1,5,1,1,4,2,2,2,2,1,2,1,2,2,2,2,2,0,1,0,4,3,1255
AC,1,5,1,0,6,4,2,2,1,1,2,1,2,1,2,2,2,1,0,0,6,3,540
AC,1,5,1,1,5,2,3,2,3,1,2,1,2,1,2,1,2,1,0,0,5,3,200
AC,1,6,5,1,4,3,1,2,1,1,1,1,2,2,1,1,2,0,1,0,4,3,0
AC,1,4,1,1,3,2,1,2,3,1,1,2,2,2,2,2,2,1,0,0,3,3,151
AC,1,3,5,0,4,2,2,1,3,1,2,1,2,2,2,1,2,1,0,0,4,3,300
AC,1,6,1,1,3,1,2,2,1,1,1,1,2,1,2,1,2,1,1,0,3,3,1610
AC,1,9,1,1,5,2,3,1,1,1,1,1,2,2,2,1,2,1,0,0,5,3,450
AC,1,3,1,1,3,2,1,1,1,1,1,1,2,2,1,1,2,2,1,0,3,3,1300
AC,1,3,1,0,2,1,1,1,1,1,1,1,2,2,2,2,2,1,0,0,2,3,302
AC,1,6,1,1,13,8,5,1,1,1,1,1,2,1,2,2,2,0,0,0,13,3,2289
AC,1,4,1,0,3,2,1,1,1,1,1,1,2,2,2,2,2,0,0,0,3,3,302
AC,1,6,1,1,8,5,3,2,1,1,2,1,1,2,2,1,2,1,0,0,8,2,3700
AC,1,7,5,1,4,3,1,2,1,1,1,1,2,1,2,1,2,0,0,1,4,2,831
AC,1,7,1,1,9,3,6,2,1,1,2,1,2,2,2,1,2,1,1,0,9,1,500
AC,1,3,1,1,2,1,1,1,1,1,1,1,2,1,2,2,2,1,0,0,2,2,200
AC,1,5,1,1,5,1,4,1,1,1,1,1,2,2,2,2,2,1,0,0,5,3,1331
AC,1,5,1,1,2,1,1,1,1,1,1,1,1,2,2,1,2,1,0,0,2,3,302
AC,1,5,1,1,6,2,4,1,1,1,1,1,2,2,2,2,2,1,0,0,6,3,150
AC,1,5,1,1,2,1,1,2,1,1,2,1,2,2,2,2,2,1,0,0,2,2,302
AC,1,2,3,0,3,1,2,1,1,1,2,2,2,2,2,2,2,0,0,0,3,9,300
AC,1,6,1,0,6,4,2,2,1,1,2,1,2,1,2,1,2,1,0,0,6,3,560
AC,1,2,1,1,3,1,2,1,1,1,1,1,2,2,2,1,2,1,1,1,3,1,600
AC,1,6,1,0,5,3,2,1,1,1,1,1,2,2,2,2,2,1,0,0,5,3,450
AC,1,5,1,1,3,1,2,1,1,1,2,2,2,2,2,2,2,0,0,0,3,3,210
AC,1,3,5,0,1,1,0,1,1,1,2,2,2,2,2,2,2,0,0,0,1,3,151
AC,1,4,1,0,2,1,1,1,1,1,1,1,1,2,2,2,2,1,0,0,2,3,400
AC,1,8,1,1,6,2,4,1,1,1,1,1,2,2,2,2,2,1,0,0,6,3,1304
AC,1,5,1,1,5,3,2,1,1,1,2,1,2,2,2,1,2,1,0,0,5,3,408
AC,1,3,1,0,5,2,3,1,1,1,2,2,2,2,2,2,2,0,0,0,5,3,270
AC,1,2,1,0,5,2,3,1,1,1,1,2,2,2,2,2,2,0,0,0,5,3,420
AC,1,2,1,0,2,1,1,1,3,1,2,1,2,2,2,2,2,1,0,0,2,3,100
AC,1,6,2,1,6,3,3,1,1,1,2,1,2,2,2,2,2,1,0,0,6,3,1000
AC,1,15,1,3,5,2,3,2,3,1,1,1,1,1,1,1,1,5,1,2,5,3,3000
AC,1,1,1,0,2,2,0,3,1,2,2,2,2,2,2,2,2,0,0,0,2,3,200
AC,1,6,1,1,5,3,2,2,1,1,1,1,2,2,2,2,2,0,0,0,5,3,281
AC,1,5,1,0,5,2,3,2,3,1,1,2,2,2,2,2,2,0,0,0,5,3,240
AC,1,5,1,0,11,4,7,2,3,1,2,1,2,2,2,2,2,1,0,0,11,3,210
AC,1,5,1,0,3,2,1,3,3,1,2,1,2,2,2,2,2,1,0,0,3,3,100
AC,1,2,1,0,3,2,1,2,1,1,2,2,2,2,2,2,2,0,0,0,3,3,50
AC,1,3,1,0,3,2,1,2,1,1,2,2,2,2,2,2,2,0,0,0,3,3,351
AC,1,5,1,0,2,1,1,3,3,1,1,1,2,2,2,2,2,1,0,0,2,3,321
AC,1,4,3,0,7,4,3,2,5,1,2,2,2,2,2,2,2,0,0,0,7,3,700
AC,1,4,1,0,5,2,3,2,3,1,1,1,2,2,2,2,2,0,0,0,5,3,160
AC,1,3,1,0,1,1,0,3,3,1,1,2,2,2,2,2,2,0,0,0,1,3,208
AC,1,4,1,0,1,1,0,2,3,1,2,1,2,2,2,2,2,1,0,0,1,3,450
AC,1,4,1,0,7,4,3,2,3,1,1,1,2,2,2,2,2,1,0,0,7,3,751
AC,1,4,1,0,5,1,4,2,1,1,1,1,2,2,2,2,2,0,0,0,5,3,651
AC,1,3,1,0,6,4,2,3,3,1,2,1,1,2,2,2,2,1,0,0,6,3,150
AC,1,4,1,0,5,3,2,2,3,2,2,2,2,2,2,2,2,0,0,0,5,3,40
AC,1,3,1,0,1,1,0,2,3,1,1,2,2,2,2,2,2,1,0,0,1,3,151
AC,1,6,1,1,3,2,1,2,3,1,1,1,2,2,2,1,2,1,0,0,3,3,900
AC,1,5,1,1,4,1,3,2,1,1,2,1,2,2,2,2,2,1,0,0,4,3,331
AC,1,4,5,0,1,0,1,2,1,1,1,1,2,2,2,2,2,1,0,0,1,3,302
AC,1,4,1,0,3,2,1,3,1,1,1,1,2,2,2,2,2,1,0,0,3,3,150
AC,1,2,1,0,2,1,1,3,3,1,1,1,2,2,2,1,2,1,0,0,2,3,620
AC,1,4,1,0,3,2,1,2,3,2,2,2,2,2,2,2,2,0,0,0,3,3,130
AC,1,4,1,0,4,3,1,2,3,1,1,1,2,2,2,2,2,0,0,0,4,3,151
AC,1,3,1,0,4,2,2,3,1,2,1,2,2,2,2,2,2,0,0,0,4,3,0
AC,1,5,1,0,3,2,1,2,5,1,1,1,2,2,2,1,2,1,0,0,3,3,625
AC,1,5,1,1,3,2,1,2,1,1,2,1,2,2,2,2,2,1,0,0,3,3,302
AC,1,2,5,0,3,2,1,2,3,2,1,2,2,2,2,2,2,0,0,0,3,3,320
AC,1,5,1,1,4,2,2,2,1,1,1,1,2,2,2,1,2,0,0,0,4,3,1571
AC,1,4,1,0,1,1,0,3,3,1,2,1,2,2,2,2,2,0,0,0,1,3,400
AC,1,4,1,0,5,3,2,3,3,1,1,1,2,2,2,2,2,1,0,0,5,9,120
AC,1,5,1,0,4,3,1,2,1,1,1,1,2,2,2,1,2,1,0,0,4,3,750
AC,1,4,1,0,2,1,1,3,5,1,2,1,2,2,2,2,2,0,0,0,2,3,0
AC,1,4,1,0,1,1,0,2,3,1,2,2,2,2,2,2,2,0,0,0,1,3,0
AC,1,5,1,0,4,3,1,2,3,1,2,1,2,2,2,2,2,1,0,0,4,3,302
AC,1,4,1,0,4,2,2,2,5,1,1,2,2,2,2,2,2,1,0,0,4,3,0
AC,1,2,5,0,2,1,1,2,1,1,2,1,2,2,2,2,2,1,0,0,2,3,0
AC,1,3,1,0,5,3,2,3,5,1,2,1,2,2,2,2,2,1,1,0,5,3,1251
AC,1,2,5,0,5,1,4,2,1,1,1,1,2,2,2,2,2,0,0,0,5,3,380
AC,1,4,1,0,3,1,2,2,3,1,1,2,2,2,2,2,2,1,0,0,3,3,560
AC,1,5,1,0,4,2,2,2,1,1,2,1,2,2,2,2,2,1,0,0,4,3,833
AC,1,2,1,0,3,1,2,2,5,1,1,2,2,2,2,2,2,1,1,0,3,3,700
AC,1,,,,1,0,1,,,,,,,,,,,,,,1,,
AC,1,4,1,0,6,1,5,3,3,1,2,2,2,2,2,2,2,0,0,0,6,3,174
AC,1,4,1,0,10,5,5,2,1,1,2,2,2,2,2,2,2,1,0,0,10,3,401
AC,1,3,1,0,4,3,1,2,1,1,1,2,2,2,2,2,2,0,0,0,4,3,0
AC,1,2,1,0,4,2,2,2,3,1,2,2,2,2,2,2,2,1,0,0,4,3,180
AC,1,4,1,0,2,1,1,2,5,1,1,1,2,2,2,2,2,1,0,0,2,3,0
AC,1,4,1,0,3,1,2,2,3,1,1,1,2,2,2,2,2,1,0,0,3,3,726
AC,1,2,1,0,4,3,1,2,3,1,1,1,2,2,2,2,2,1,0,0,4,3,300
AC,1,4,1,0,5,4,1,3,1,1,2,1,2,2,2,2,2,0,0,0,5,3,100
AC,1,5,1,0,5,3,2,2,1,1,1,1,2,2,2,2,2,0,0,0,5,3,100
AC,1,4,1,0,2,1,1,3,1,1,2,1,2,2,2,2,2,1,0,0,2,3,351
AC,1,2,5,0,5,3,2,2,1,1,2,1,2,2,2,2,2,1,0,0,5,3,1000
AC,1,3,1,0,6,1,5,2,3,2,2,2,2,2,2,2,2,0,0,0,6,3,1250
AC,1,5,1,1,4,3,1,2,5,1,1,1,2,1,2,2,2,1,0,0,4,3,667
AC,1,2,5,0,4,2,2,3,5,1,1,1,2,2,2,2,2,1,0,0,4,3,270
AC,1,2,5,0,5,3,2,2,1,1,2,1,2,2,2,2,2,0,0,0,5,3,880
AC,1,4,1,0,5,1,4,2,1,1,2,1,2,2,2,2,2,1,0,0,5,3,270
AC,1,2,1,0,2,1,1,2,5,1,2,2,2,2,2,2,2,0,0,0,2,3,500
AC,1,5,4,2,3,2,1,2,3,1,2,1,1,2,2,1,1,1,1,0,3,3,1500
AC,1,2,1,0,3,1,2,1,3,1,2,2,2,2,2,2,2,1,1,0,3,3,302
AC,1,2,1,0,4,3,1,2,1,1,2,2,2,2,2,2,2,0,1,0,4,3,800
AC,1,8,1,1,7,3,4,2,3,1,1,1,2,2,2,2,2,1,0,0,7,3,432
AC,1,4,5,0,3,1,2,1,1,1,2,2,2,2,2,2,2,1,0,0,3,3,300
AC,1,6,1,1,3,1,2,2,3,1,1,1,2,2,2,2,2,0,0,0,3,3,684
AC,1,2,5,0,3,1,2,2,5,1,1,1,2,2,2,2,2,1,0,0,3,3,151
AC,1,4,1,1,1,0,1,1,1,1,1,1,2,2,2,2,2,0,0,0,1,2,0
AC,1,4,1,1,5,1,4,1,3,1,2,1,2,2,2,1,2,1,0,0,5,2,201
AC,1,5,1,1,3,2,1,1,5,1,1,1,2,2,2,2,2,1,0,0,3,3,800
AC,1,5,1,1,4,2,2,1,3,1,1,1,2,2,2,2,2,1,0,0,4,3,1100
AC,1,4,1,0,5,3,2,2,3,1,2,1,2,2,2,2,2,0,0,0,5,3,301
AC,1,3,1,1,5,2,3,1,3,1,1,1,2,2,2,2,2,1,0,0,5,3,701
AC,1,2,1,0,2,1,1,1,1,1,2,2,2,2,2,2,2,0,0,0,2,3,302
AC,1,3,1,0,4,2,2,1,3,1,1,1,2,2,2,1,2,1,0,0,4,3,1000
AC,1,4,1,0,4,3,1,2,3,2,2,2,2,2,2,2,2,0,0,0,4,3,1351
AC,1,6,1,1,6,4,2,1,1,1,1,1,2,2,2,2,2,1,0,0,6,3,300
AC,1,1,3,0,5,2,3,3,3,1,2,2,2,2,2,2,2,1,0,0,5,3,251
AC,1,2,1,0,5,3,2,3,5,1,2,1,2,2,2,2,2,1,0,0,5,3,151
AC,1,,,,10,4,6,,,,,,,,,,,,,,10,3,610
AC,1,2,1,0,5,4,1,2,3,1,1,2,2,2,2,2,2,0,0,0,5,3,300
AC,1,3,4,0,3,2,1,2,3,1,2,2,2,2,2,2,2,1,0,0,3,3,150
AC,1,4,2,0,6,4,2,2,3,1,1,2,2,2,2,2,2,1,0,0,6,3,300
AC,1,2,1,0,4,3,1,2,3,1,1,1,2,2,2,2,2,1,0,0,4,3,180
AC,1,2,1,0,6,5,1,3,3,1,1,1,2,2,2,2,2,1,0,0,6,3,150
AC,1,2,1,0,4,2,2,1,1,1,2,1,2,2,2,2,2,1,1,0,4,2,150
AC,1,6,1,0,3,0,3,2,1,1,1,1,2,2,2,2,2,1,0,0,3,2,820
AC,1,3,1,0,3,1,2,2,3,1,1,1,2,2,2,2,2,2,0,0,3,3,355
AC,1,4,1,0,3,2,1,1,3,1,1,2,2,2,2,2,2,0,0,0,3,3,300
AC,1,6,1,1,3,2,1,1,1,1,1,1,1,2,2,1,2,1,0,0,3,3,3700
AC,1,7,1,1,5,1,4,1,1,1,1,1,2,2,2,1,2,2,1,1,5,2,7811
AC,1,10,1,2,2,1,1,1,1,1,1,1,2,2,2,2,1,2,1,0,2,2,1310
AC,1,5,1,0,4,3,1,1,3,1,2,1,2,2,2,2,2,0,0,0,4,3,50
AC,1,4,1,1,3,2,1,2,3,1,1,1,2,2,2,1,2,3,0,0,3,3,1200
AC,1,5,1,0,4,3,1,1,3,1,1,1,2,2,2,2,2,0,0,0,4,3,200
AC,1,4,1,0,3,1,2,2,1,1,2,1,2,2,2,2,2,1,0,0,3,3,453
AC,1,5,1,0,4,1,3,2,1,1,1,2,2,2,2,1,2,1,0,0,4,3,200
AC,1,2,3,0,3,1,2,2,1,1,2,2,2,2,2,2,2,0,0,0,3,3,1000
AC,1,3,1,0,5,2,3,2,1,1,2,2,2,2,2,1,2,1,0,0,5,3,200
AC,1,5,1,1,2,1,1,2,1,1,1,1,2,2,2,2,2,1,0,0,2,3,382
AC,1,3,1,0,2,1,1,2,3,1,2,1,2,2,2,2,2,0,1,0,2,3,1451
AC,1,4,1,1,5,2,3,2,3,1,1,1,2,2,2,2,2,1,0,0,5,3,542
AC,1,4,1,0,6,3,3,1,3,1,1,2,2,2,2,2,2,1,0,0,6,3,302
AC,1,7,1,2,4,2,2,2,3,1,1,1,2,2,2,1,2,1,1,0,4,3,1200
AC,1,5,1,0,7,4,3,2,3,1,1,2,2,2,2,2,2,1,0,0,7,3,511
AC,1,4,1,0,3,2,1,2,3,1,1,1,2,2,2,2,2,2,0,0,3,3,1651
AC,1,2,1,0,5,3,2,1,3,1,1,2,2,2,2,2,2,0,0,0,5,3,700
AC,1,4,1,0,7,3,4,2,5,1,2,2,2,2,2,2,2,0,0,0,7,3,520
AC,1,5,1,0,4,2,2,1,1,1,2,1,2,2,2,2,2,0,0,0,4,3,302
AC,1,4,1,0,5,3,2,1,1,1,1,1,2,2,2,1,2,1,0,0,5,3,350
AC,1,3,1,0,5,2,3,2,5,1,2,1,2,2,2,2,2,1,0,0,5,3,535
AC,1,3,3,0,2,1,1,1,1,1,2,2,2,2,2,2,2,0,0,0,2,3,420
AC,1,5,4,1,3,3,0,1,1,1,2,2,2,2,2,2,2,1,0,0,3,3,300
AC,1,6,3,0,3,1,2,2,1,1,2,1,2,1,2,2,2,1,0,0,3,2,1500
AC,1,3,1,0,1,1,0,2,3,1,2,2,2,2,2,2,2,0,0,0,1,3,619
AC,1,5,1,0,7,3,4,2,3,1,2,1,2,2,2,2,2,1,0,0,7,3,331
AC,1,4,5,0,2,1,1,1,3,1,2,1,2,2,2,2,2,0,0,0,2,3,560
AC,1,1,3,0,1,1,0,1,3,1,1,1,2,2,2,2,2,0,0,0,1,3,0
AC,1,4,1,1,3,1,2,1,1,1,2,1,2,2,2,2,1,1,0,0,3,3,302
AC,1,4,1,0,1,1,0,3,3,1,1,1,2,2,2,2,2,1,1,0,1,3,1200
AC,2,4,1,0,5,3,2,1,3,1,1,1,2,2,2,2,2,1,0,0,5,3,307
AC,2,4,1,0,6,3,3,2,3,1,2,2,2,2,2,2,2,0,0,0,6,3,151
AC,2,3,1,0,4,3,1,1,3,1,2,1,2,2,2,2,2,0,0,0,4,3,302
AC,2,6,1,0,4,2,2,2,3,1,1,1,2,2,2,2,2,1,0,0,4,3,2075
AC,2,7,1,1,4,1,3,2,3,1,1,1,1,2,2,2,2,3,1,1,4,3,1951
AC,2,5,1,0,3,2,1,2,3,1,2,1,2,2,2,2,2,1,0,0,3,3,151
AC,2,3,1,0,4,1,3,1,3,1,2,1,2,2,2,2,2,0,0,0,4,3,260
AC,2,4,1,0,2,1,1,1,3,1,2,1,2,2,2,2,2,1,0,0,2,3,602
AC,2,4,1,0,5,3,2,1,3,1,1,1,1,2,2,2,2,1,0,0,5,3,800
AC,2,2,1,0,1,1,0,2,3,1,2,2,2,2,2,2,2,0,0,0,1,3,0
AC,2,3,1,0,3,2,1,2,3,2,1,2,2,2,2,2,2,0,0,0,3,3,150
AC,2,5,5,0,6,2,4,2,3,1,1,1,1,2,2,2,2,2,1,0,6,3,800
AC,2,3,1,0,3,2,1,2,5,2,1,2,2,2,2,2,2,0,0,0,3,1,0
AC,2,4,1,0,2,1,1,2,3,2,1,2,2,2,2,2,2,0,0,0,2,3,600
AC,2,4,2,0,8,3,5,2,3,2,1,2,2,2,2,2,2,0,0,0,8,3,220
AC,2,3,1,0,5,3,2,2,5,2,2,2,2,2,2,2,2,0,0,0,5,3,531
AC,2,5,5,0,4,2,2,3,5,2,1,1,2,2,2,2,2,0,1,0,4,1,172
AC,2,2,1,0,1,1,0,2,3,2,1,2,2,2,2,2,2,0,0,0,1,1,302
AC,2,3,4,0,6,5,1,2,3,2,1,2,2,2,2,2,2,0,0,0,6,3,380
AC,2,5,1,1,5,4,1,2,3,2,2,2,2,2,2,2,2,0,0,0,5,3,800
AC,2,2,1,0,5,3,2,2,3,1,2,2,2,2,2,2,2,0,0,0,5,3,280
AC,2,4,1,0,2,1,1,2,3,1,1,1,2,2,2,2,2,0,1,0,2,3,230
AC,2,6,1,0,8,4,4,2,3,2,1,2,2,2,2,2,2,0,0,0,8,3,80
AC,2,5,1,0,7,3,4,2,5,2,1,2,2,2,2,2,2,0,0,0,7,3,800
AC,2,4,1,0,8,4,4,2,3,1,1,2,2,2,2,2,2,0,1,0,8,3,800
AC,2,1,1,0,7,4,3,2,3,2,1,2,2,2,2,2,2,0,0,0,7,3,280
AC,2,3,1,0,3,1,2,2,3,2,1,2,2,2,2,2,2,0,0,0,3,3,250
AC,2,4,2,0,5,3,2,2,3,2,1,2,2,2,2,2,2,0,0,0,5,3,0
AC,2,5,4,0,4,1,3,2,3,2,2,2,2,2,2,2,2,0,0,0,4,3,551
AC,2,4,5,1,4,2,2,2,5,1,1,1,2,2,2,2,2,0,0,0,4,3,350
AC,2,3,1,0,3,2,1,2,3,2,1,2,2,2,2,2,2,0,0,0,3,3,351
AC,2,4,1,0,1,1,0,2,3,2,1,2,2,2,2,2,2,0,0,0,1,3,200
AC,2,4,1,0,3,1,2,2,3,2,1,2,2,2,2,2,2,0,0,0,3,9,482
AC,2,3,1,0,10,7,3,2,3,2,2,2,2,2,2,2,2,0,0,0,10,3,250
AC,2,2,4,0,4,2,2,2,3,2,1,2,2,2,2,2,2,0,0,0,4,3,200
AC,2,4,1,0,3,2,1,2,5,1,1,1,1,1,2,2,2,1,1,0,3,3,200
AC,2,5,1,0,2,1,1,2,3,2,1,2,2,2,2,2,2,1,0,0,2,3,500
AC,2,6,1,0,6,3,3,2,3,2,2,2,2,2,2,2,2,0,0,0,6,3,310
AC,2,4,5,0,5,4,1,2,3,2,1,2,2,2,2,2,2,0,0,0,5,3,200
AC,2,5,5,0,4,2,2,2,3,2,1,2,2,2,2,2,2,1,0,0,4,3,301
AC,2,7,1,0,12,5,7,2,3,2,1,2,2,2,2,2,2,0,0,0,12,3,1002
AC,2,4,1,0,5,4,1,2,3,2,1,2,2,2,2,2,2,0,0,0,5,3,330
AC,2,4,1,1,6,3,3,2,3,2,1,1,2,2,2,2,2,0,0,0,6,3,400
AC,2,3,1,0,4,3,1,2,3,2,2,2,2,2,2,2,2,0,0,0,4,3,130
AC,2,2,5,0,4,3,1,2,5,2,1,2,2,2,2,2,2,0,0,0,4,3,350
AC,2,6,1,0,4,3,1,2,3,2,1,2,2,2,2,2,2,0,0,0,4,3,800
AC,2,3,1,0,2,1,1,2,3,2,1,2,2,2,2,2,2,0,0,0,2,3,300
AC,2,5,1,0,8,4,4,2,3,2,1,2,2,2,2,2,2,0,1,0,8,3,931
AC,2,4,1,0,3,1,2,2,5,2,1,1,2,2,2,2,2,0,0,0,3,3,1700
AC,2,4,1,0,9,3,6,2,4,2,2,2,2,2,2,2,2,0,0,0,9,3,250
AC,2,5,1,0,10,4,6,2,3,2,1,2,2,2,2,2,2,0,0,0,10,3,500
AC,2,4,1,0,4,3,1,2,3,2,1,2,2,2,2,2,2,0,1,0,4,3,250
AC,2,3,1,0,4,2,2,2,3,2,2,2,2,2,2,2,2,0,0,0,4,3,500
AC,2,2,4,0,4,1,3,2,3,2,1,2,2,2,2,2,2,0,0,0,4,1,200
AC,2,2,4,1,1,1,0,2,3,2,2,2,2,2,2,2,2,0,0,0,1,1,240
AC,2,4,5,0,3,1,2,2,3,1,1,2,2,2,2,2,2,0,0,0,3,1,500
AC,2,3,5,0,3,2,1,2,3,2,2,2,2,2,2,2,2,0,0,0,3,3,290
AC,2,4,1,0,4,2,2,2,3,1,1,1,1,1,1,1,1,0,0,0,4,3,480
AC,2,3,1,0,2,1,1,2,5,2,2,2,2,2,2,2,2,0,0,0,2,3,225
AC,2,6,1,1,6,4,2,2,3,2,1,2,2,2,2,2,2,0,0,0,6,3,2025
AC,2,2,1,0,2,1,1,2,3,2,1,2,2,2,2,2,2,0,0,0,2,3,1000
AC,2,2,1,0,3,2,1,2,3,2,2,2,2,2,2,2,2,0,0,0,3,3,160
AC,2,2,1,0,3,2,1,2,3,2,2,2,2,2,2,2,2,0,0,0,3,3,157
AC,2,3,1,0,2,1,1,2,3,1,1,1,2,2,2,2,2,0,0,0,2,3,2000
AC,2,5,1,0,3,3,0,2,5,2,1,2,2,2,2,2,2,0,0,0,3,3,157
AC,2,6,1,0,3,2,1,2,3,1,1,1,2,2,2,2,2,2,1,0,3,3,1202
AC,2,5,1,1,5,2,3,2,4,1,1,2,2,2,2,2,2,1,0,0,5,3,3658
AC,2,7,1,0,7,4,3,2,3,2,1,2,2,2,2,2,2,0,0,0,7,3,461
AC,2,4,1,0,6,4,2,2,3,2,2,2,2,2,2,2,2,0,0,0,6,3,2920
AC,2,2,1,0,3,2,1,2,3,2,2,2,2,2,2,2,2,0,0,0,3,3,520
AC,2,1,1,0,1,1,0,2,3,2,2,2,2,2,2,2,2,0,0,0,1,3,200
AC,2,4,1,0,3,1,2,2,3,2,1,2,2,2,2,2,2,0,0,0,3,3,200
AC,2,2,1,0,6,5,1,2,5,2,1,2,2,2,2,2,2,0,0,0,6,3,200
AC,2,2,1,0,4,3,1,2,5,2,1,2,2,2,2,2,2,0,0,0,4,3,150
AC,2,4,1,0,4,2,2,2,3,2,1,2,2,2,2,2,2,0,0,0,4,3,510
AC,2,4,1,0,8,4,4,2,3,2,1,2,2,2,2,2,2,0,0,0,8,3,4500
AC,2,4,1,0,4,1,3,2,3,2,2,2,2,2,2,2,2,0,0,0,4,3,3051
AC,2,4,1,0,3,0,3,2,3,2,1,2,2,2,2,2,2,0,0,0,3,3,80
AC,2,4,1,0,7,3,4,2,5,2,2,2,2,2,2,2,2,0,0,0,7,3,470
AC,2,3,1,0,5,3,2,2,3,2,2,2,2,2,2,2,2,0,0,0,5,3,500
AC,2,3,1,0,5,1,4,2,3,2,2,2,2,2,2,2,2,0,0,0,5,3,600
AC,2,2,1,0,4,2,2,2,3,2,2,2,2,2,2,2,2,0,0,0,4,3,170
AC,2,4,1,0,3,2,1,2,3,2,2,2,2,2,2,2,2,0,0,0,3,3,1050
AC,2,3,1,0,7,4,3,2,3,2,1,2,2,2,2,2,2,0,0,0,7,3,401
AC,2,4,1,0,6,5,1,2,5,2,1,2,2,2,2,2,2,1,0,0,6,3,510
AC,2,6,1,0,9,6,3,2,3,2,1,2,2,2,2,2,2,0,0,0,9,3,150
AC,2,4,1,0,5,1,4,2,3,2,2,2,2,2,2,2,2,0,0,0,5,3,300
AC,2,1,1,0,11,5,6,2,5,2,2,2,2,2,2,2,2,0,0,0,11,3,100
AC,2,2,5,0,2,1,1,2,3,2,1,2,2,2,2,2,2,0,0,0,2,3,150
AC,2,2,4,0,1,1,0,2,3,2,2,2,2,2,2,2,2,0,0,0,1,3,250
AC,2,4,1,0,3,2,1,2,5,2,1,2,2,2,2,2,2,0,0,0,3,3,500
AC,2,3,1,0,3,2,1,2,3,2,1,2,2,2,2,2,2,0,0,0,3,3,400
AC,2,2,1,0,3,2,1,2,5,2,2,2,2,2,2,2,2,0,0,0,3,3,150
AC,2,2,1,0,3,2,1,2,5,2,2,2,2,2,2,2,2,0,0,0,3,3,80
AC,2,4,1,1,2,1,1,2,5,1,1,1,2,2,2,2,2,1,1,0,2,3,200
AC,2,4,1,1,6,3,3,2,3,2,1,1,2,2,2,2,2,1,1,0,6,3,1000
AC,2,5,1,0,5,3,2,2,5,2,1,2,2,2,2,2,2,0,0,0,5,3,452
AC,2,4,1,0,6,2,4,2,3,2,1,2,2,2,2,2,2,0,0,0,6,3,500
AC,2,3,1,0,3,1,2,2,3,2,2,2,2,2,2,2,2,0,0,0,3,3,100
AC,2,1,1,0,1,1,0,2,3,2,2,2,2,2,2,2,2,0,0,0,1,3,230
AC,2,4,1,0,3,1,2,2,3,1,1,2,2,2,2,2,2,1,0,0,3,3,75
AC,2,2,4,0,3,2,1,2,3,2,2,2,2,2,2,2,2,0,0,0,3,3,151
AC,2,5,1,0,3,2,1,2,5,2,1,2,2,2,2,2,2,0,0,0,3,3,200
AC,2,4,1,0,7,6,1,2,3,2,2,2,2,2,2,2,2,0,0,0,7,3,125
AC,2,3,1,0,7,5,2,2,3,2,2,2,2,2,2,2,2,0,0,0,7,3,750
AC,2,3,1,0,6,5,1,2,3,2,1,2,2,2,2,2,2,0,0,0,6,3,801
AC,2,4,4,2,5,3,2,2,3,1,1,1,2,2,2,2,2,1,0,0,5,1,522
AC,2,4,1,0,6,3,3,2,5,2,2,2,2,2,2,2,2,0,0,0,6,1,326
AC,2,2,1,0,1,1,0,2,3,2,2,2,2,2,2,2,2,0,0,0,1,1,350
AC,2,5,1,0,4,2,2,2,3,2,1,2,2,2,2,2,2,0,0,0,4,1,501
AC,2,2,1,0,10,6,4,2,3,2,2,2,2,2,2,2,2,0,0,0,10,3,460
AC,2,1,1,0,5,2,3,2,3,2,2,2,2,2,2,2,2,0,0,0,5,3,280
AC,2,3,1,0,6,4,2,2,3,2,1,2,2,2,2,2,2,0,0,0,6,3,180
AC,2,3,1,0,3,3,0,2,3,2,1,2,2,2,2,2,2,0,0,0,3,3,180
AC,2,2,1,0,4,1,3,2,3,2,2,2,2,2,2,2,2,0,0,0,4,3,300
AC,2,3,1,0,5,2,3,2,5,2,1,2,2,2,2,2,2,0,0,0,5,3,20
AC,2,3,4,0,4,3,1,2,3,2,1,2,2,2,2,2,2,0,0,0,4,3,151
AC,2,4,5,0,2,1,1,2,3,2,1,2,2,2,2,2,2,0,0,0,2,3,251
AC,2,5,1,0,4,2,2,2,3,2,1,1,2,2,2,2,2,1,0,0,4,3,0
AC,2,5,1,0,9,6,3,2,3,1,1,1,2,2,2,2,2,0,0,0,9,3,1451
AC,2,2,1,0,1,1,0,2,3,2,1,2,2,2,2,2,2,0,0,0,1,3,0
AC,2,6,1,0,3,2,1,2,3,2,1,2,2,2,2,2,2,1,1,0,3,1,302
AC,2,5,1,0,2,1,1,2,3,2,1,2,2,2,2,2,2,0,0,0,2,3,301
AC,2,3,5,0,1,1,0,3,3,2,2,2,2,2,2,2,2,0,0,0,1,1,0
AC,2,5,1,1,6,4,2,2,3,1,2,1,1,2,2,2,2,2,1,0,6,1,410
AC,2,5,1,0,7,6,1,2,5,2,2,2,2,2,2,2,2,0,0,0,7,3,0
AC,2,4,1,0,7,4,3,2,5,2,2,2,2,2,2,2,2,0,0,0,7,3,151
AC,2,1,5,0,1,1,0,2,5,2,2,2,2,2,2,2,2,0,0,0,1,3,0
AC,2,4,1,0,3,2,1,2,5,2,2,2,2,2,2,2,2,0,1,0,3,3,151
AC,2,4,1,0,8,3,5,2,3,2,1,2,2,2,2,2,2,0,0,0,8,3,151
AC,2,5,1,0,5,2,3,2,5,2,2,1,2,2,2,2,2,0,1,0,5,1,0
AC,2,4,1,0,5,2,3,2,3,2,2,2,2,2,2,2,2,0,0,0,5,3,0
AC,2,5,4,2,4,1,3,2,5,1,1,1,2,2,2,2,2,1,0,0,4,1,151
AC,2,5,1,0,5,1,4,2,4,2,1,2,2,2,2,2,2,0,0,0,5,3,151
AC,2,6,1,0,9,3,6,2,5,2,2,2,2,2,2,2,2,1,0,0,9,3,0
AC,2,3,1,0,2,1,1,2,5,1,2,2,2,2,2,2,2,0,0,0,2,3,302
AC,2,4,1,0,6,5,1,2,3,2,1,2,2,2,2,2,2,0,0,0,6,3,0
AC,2,4,1,0,6,3,3,2,5,2,2,2,2,2,2,2,2,0,0,0,6,3,0
AC,2,1,5,0,6,4,2,2,3,2,2,2,2,2,2,2,2,0,0,0,6,3,0
AC,2,3,1,0,10,6,4,3,3,2,2,2,2,2,2,2,2,1,0,0,10,3,0
AC,2,1,4,0,6,3,3,2,5,2,1,2,2,2,2,2,2,0,0,0,6,3,0
AC,2,5,1,1,2,1,1,2,4,2,1,2,2,2,2,2,2,0,1,0,2,3,0
AC,2,1,1,0,8,3,5,2,5,2,2,2,2,2,2,2,2,0,0,0,8,3,0
AC,2,1,1,0,2,1,1,2,5,2,2,2,2,2,2,2,2,0,0,0,2,3,302
AC,2,3,1,0,10,4,6,2,5,2,1,2,2,2,2,2,2,0,0,0,10,3,600
AC,2,4,1,0,2,1,1,2,4,2,1,2,2,2,2,2,2,0,0,0,2,3,302
AC,2,4,1,0,6,3,3,2,5,2,2,2,2,2,2,2,2,0,0,0,6,3,0
AC,2,4,1,0,9,3,6,2,5,2,2,2,2,2,2,2,2,0,0,0,9,3,302
AC,2,6,1,1,4,1,3,2,5,1,1,1,2,2,2,2,2,1,1,0,4,1,300
AC,2,7,1,0,7,4,3,2,3,2,2,1,2,2,2,2,2,0,0,0,7,1,453
AC,2,4,5,0,5,4,1,2,3,1,2,1,2,1,2,2,2,1,0,0,5,1,151
AC,2,4,1,0,8,6,2,2,3,2,2,2,2,2,2,2,2,0,0,0,8,3,260
AC,2,2,5,0,5,3,2,3,3,2,1,2,2,2,2,2,2,0,1,0,5,3,250
AC,2,2,5,0,2,1,1,2,5,2,2,2,2,2,2,2,2,0,0,0,2,3,400
AC,2,5,1,0,14,8,6,2,5,2,2,2,2,2,2,2,2,0,0,0,14,3,702
AC,2,2,5,0,4,1,3,2,2,2,2,2,2,2,2,2,2,0,0,0,4,3,90
AC,2,2,1,0,5,2,3,2,3,2,2,2,2,2,2,2,2,0,0,0,5,3,160
AC,2,3,1,0,5,2,3,2,5,2,2,2,2,2,2,2,2,0,0,0,5,3,291
AC,2,4,1,0,3,2,1,2,5,2,1,2,2,2,2,2,2,0,1,0,3,3,600
AC,2,6,1,1,4,1,3,2,3,1,2,2,2,2,2,2,2,0,0,0,4,3,200
AC,2,1,5,0,4,2,2,2,5,2,2,2,2,2,2,2,2,0,0,0,4,3,0
AC,2,4,4,0,4,2,2,2,5,2,1,2,2,2,2,2,2,0,0,0,4,3,551
AC,2,3,5,0,8,4,4,3,5,2,1,2,2,2,2,2,2,0,0,0,8,3,100
AC,2,7,4,1,2,2,0,2,3,1,1,1,2,2,2,2,2,1,0,0,2,3,200
AC,2,4,1,0,3,1,2,2,5,2,2,2,2,2,2,2,2,0,0,0,3,3,100
AC,2,3,5,0,1,1,0,3,3,2,2,2,2,2,2,2,2,0,0,0,1,3,0
AC,2,5,1,0,6,3,3,2,3,2,1,2,2,2,2,2,2,0,0,0,6,3,751
AC,2,4,1,0,6,5,1,2,3,2,1,2,2,2,2,2,2,0,0,0,6,1,773
AC,2,3,1,0,7,3,4,2,3,2,2,2,2,2,2,2,2,0,0,0,7,3,30
AC,2,4,1,0,5,3,2,2,5,2,1,2,2,2,2,2,2,0,0,0,5,3,0
AC,2,2,1,0,7,4,3,2,3,2,2,2,2,2,2,2,2,0,0,0,7,3,150
AC,2,3,1,0,7,2,5,2,5,2,1,2,2,2,2,2,2,0,0,0,7,3,150
AC,2,1,1,0,10,6,4,2,3,2,2,2,2,2,2,2,2,0,0,0,10,3,422
AC,2,4,1,0,7,5,2,2,3,2,1,2,2,2,2,2,2,0,0,0,7,3,0
AC,2,4,1,1,4,2,2,2,3,1,2,1,2,1,2,2,2,1,0,0,4,3,0
AC,2,4,5,0,4,3,1,2,3,2,2,2,2,2,2,2,2,0,0,0,4,1,500
AC,2,3,4,1,1,1,0,2,5,2,1,2,2,2,2,2,2,0,0,0,1,3,0
AC,2,6,1,0,4,1,3,2,5,2,1,2,2,2,2,2,2,1,0,0,4,3,300
AC,2,4,1,0,4,2,2,2,3,2,2,2,2,2,2,2,2,0,0,0,4,3,0
AC,2,2,1,0,6,6,0,2,5,2,1,2,2,2,2,2,2,0,0,0,6,3,750
AC,2,3,1,0,13,9,4,2,5,2,1,2,2,2,2,2,2,0,0,0,13,3,640
AC,2,3,1,0,5,3,2,2,3,2,1,2,2,2,2,2,2,0,0,0,5,3,200
AC,2,4,1,0,6,4,2,2,5,2,1,2,2,2,2,2,2,0,0,0,6,3,1599
AC,2,6,1,0,1,1,0,2,3,2,2,2,2,2,2,2,2,1,0,0,1,3,500
AC,2,7,1,1,3,1,2,2,3,2,2,2,2,2,2,2,2,0,0,0,3,3,250
AC,2,3,1,0,1,1,0,2,3,2,2,2,2,2,2,2,2,0,0,0,1,3,151
AC,2,4,4,0,3,1,2,2,3,1,1,2,2,2,2,2,2,1,0,0,3,3,150
AC,2,5,5,1,1,1,0,2,4,2,2,2,2,2,2,2,2,0,0,0,1,3,151
AC,2,1,5,0,1,1,0,2,4,2,1,2,2,2,2,2,2,0,0,0,1,3,152
AC,2,3,4,0,1,1,0,2,5,2,2,2,2,2,2,2,2,0,0,0,1,3,240
AC,2,3,1,1,5,4,1,2,3,1,1,1,2,1,2,2,2,2,0,0,5,3,560
AC,2,2,1,0,4,2,2,2,3,2,2,2,2,2,2,2,2,0,0,0,4,3,200
AC,2,3,1,0,7,4,3,2,5,2,2,2,2,2,2,2,2,0,0,0,7,3,0
AC,2,4,1,0,6,4,2,2,5,2,1,2,2,2,2,2,2,0,0,0,6,3,0
AC,2,4,1,0,4,2,2,2,3,2,1,2,2,2,2,2,2,0,0,0,4,3,0
AC,2,4,1,0,10,8,2,2,3,2,1,2,2,2,2,2,2,0,0,0,10,3,0
AC,2,4,1,0,4,2,2,2,3,2,2,2,2,2,2,2,2,0,0,0,4,3,0
AC,2,2,1,0,4,3,1,2,3,2,1,2,2,2,2,2,2,0,0,0,4,3,0
AC,2,3,5,0,8,4,4,2,3,2,1,2,2,2,2,2,2,0,0,0,8,3,80
AC,2,5,1,0,9,4,5,2,5,2,1,2,2,2,2,2,2,0,0,0,9,3,150
AC,2,5,1,0,8,4,4,2,5,2,1,1,2,2,2,2,2,0,0,0,8,3,150
AC,2,4,4,0,3,1,2,2,5,1,1,1,2,1,2,2,2,1,0,0,3,3,322
AC,2,5,1,1,4,3,1,2,3,1,2,1,2,2,2,2,2,1,0,0,4,3,0
AC,2,4,1,0,6,1,5,2,3,2,1,2,2,2,2,2,2,0,0,0,6,3,590
AC,2,2,1,0,1,1,0,2,5,2,2,2,2,2,2,2,2,0,0,0,1,3,0
AC,2,2,1,0,7,3,4,2,3,2,1,2,2,2,2,2,2,0,0,0,7,3,565
AC,2,6,1,1,2,1,1,2,3,1,1,1,1,2,2,1,2,2,1,0,2,3,22000
AC,2,7,1,0,5,3,2,2,1,2,2,2,2,2,2,2,2,0,0,0,5,3,251
AC,2,2,4,0,6,4,2,2,3,2,1,2,2,2,2,2,2,0,0,0,6,3,210
AC,2,4,4,0,3,1,2,2,3,1,2,1,2,2,2,2,2,0,0,0,3,3,352
AC,1,5,1,0,4,3,1,1,1,1,2,1,2,2,2,1,2,1,0,0,4,3,500
AC,1,7,1,1,5,3,2,1,1,1,2,1,2,1,2,1,2,1,0,0,5,1,865
AC,1,6,1,2,6,4,2,1,1,1,1,1,2,2,2,1,2,2,0,0,6,3,460
AC,1,4,1,0,6,1,5,1,1,1,1,1,2,2,2,1,2,0,0,0,6,3,463
AC,1,5,1,0,5,4,1,2,3,1,1,1,2,2,2,2,2,1,1,0,5,1,200
AC,1,3,1,0,7,4,3,1,1,1,1,1,2,2,2,1,2,1,0,0,7,3,300
AC,1,4,1,0,4,3,1,1,1,1,1,1,1,2,2,1,2,2,0,0,4,3,750
AC,1,4,1,1,4,1,3,1,1,1,1,1,1,2,2,1,2,1,1,0,4,3,1000
AC,1,3,3,0,3,1,2,1,1,1,1,2,2,2,2,2,2,0,0,0,3,3,302
AC,1,4,1,0,1,0,1,1,3,1,1,2,2,2,2,2,2,0,0,0,1,3,151
AC,1,3,1,0,4,3,1,3,1,1,1,2,2,2,2,2,2,1,0,0,4,3,150
AC,1,8,1,2,4,1,3,1,1,1,1,1,1,1,1,1,2,3,0,3,4,3,2804
AC,1,3,3,1,1,1,0,1,1,1,1,2,2,2,2,2,2,1,0,0,1,3,560
AC,1,5,1,1,3,1,2,1,1,1,1,1,1,2,2,1,1,1,1,0,3,3,1926
AC,1,6,1,2,4,1,3,1,1,1,1,1,2,1,2,1,2,3,0,0,4,3,1000
AC,1,4,1,0,6,4,2,1,1,1,1,1,2,2,2,2,2,1,0,0,6,3,308
AC,1,5,1,1,5,4,1,1,1,1,1,1,2,1,2,1,2,1,0,0,5,3,570
AC,1,5,1,1,1,1,0,1,1,1,1,1,2,2,2,1,2,1,0,0,1,2,350
AC,1,4,1,0,2,1,1,1,1,1,1,1,2,1,2,1,2,2,0,0,2,1,600
AC,1,4,1,0,1,0,1,1,3,1,2,1,2,2,2,2,2,1,0,0,1,1,302
AC,1,2,3,0,1,0,1,1,1,1,1,2,2,2,2,2,2,0,0,0,1,1,50
AC,1,7,1,1,8,3,5,1,1,1,1,1,2,1,2,1,2,2,0,0,8,1,616
AC,1,3,1,1,1,1,0,1,1,1,1,1,1,2,2,1,2,1,0,0,1,3,802
AC,1,5,1,0,4,2,2,1,1,1,1,1,2,1,2,1,2,1,0,0,4,3,581
AC,1,4,1,0,7,5,2,1,1,1,2,1,2,2,2,1,2,1,0,0,7,3,352
AC,1,4,1,0,1,0,1,1,1,1,1,2,2,2,2,2,2,0,0,0,1,3,300
AC,1,4,1,0,3,1,2,1,1,1,2,1,2,1,2,1,2,1,0,0,3,3,190
AC,1,6,1,0,3,1,2,1,1,1,1,1,2,1,2,1,2,1,0,0,3,3,151
AC,1,3,1,0,5,4,1,1,1,1,1,2,2,2,2,2,2,1,0,0,5,3,802
AC,1,7,1,1,3,2,1,1,1,1,1,1,2,1,2,1,2,2,1,0,3,1,800
AC,1,3,1,0,6,5,1,1,1,1,1,1,2,2,2,2,2,0,0,0,6,1,15
AC,1,5,1,1,3,2,1,1,1,1,1,1,2,1,2,1,2,1,0,0,3,1,1820
AC,1,4,1,0,1,0,1,1,1,1,1,1,2,2,2,1,2,1,0,0,1,1,471
AC,1,5,1,0,2,1,1,1,3,1,1,1,2,1,2,1,2,1,0,0,2,3,624
AC,1,4,1,0,2,0,2,1,3,1,2,1,2,2,2,2,2,1,0,0,2,3,270
AC,1,6,1,1,8,1,7,1,1,1,2,1,2,2,2,1,2,1,0,0,8,3,788
AC,1,4,1,0,4,1,3,1,3,1,2,2,2,2,2,2,2,0,0,0,4,3,150
AC,1,3,1,0,1,1,0,1,1,1,1,2,2,2,2,2,2,1,0,0,1,3,302
AC,1,2,1,0,1,0,1,1,1,1,2,2,2,2,2,2,2,0,0,0,1,3,151
AC,1,2,1,0,3,1,2,1,1,1,2,2,2,2,2,2,2,0,0,0,3,3,150
AC,1,5,1,0,3,2,1,2,1,1,1,1,1,1,2,1,2,2,1,0,3,3,1201
AC,1,6,1,1,4,1,3,2,1,1,1,1,1,1,2,1,2,2,0,0,4,3,600
AC,1,3,1,0,1,1,0,2,1,1,1,2,2,2,2,2,2,0,0,0,1,3,20
AC,1,4,1,0,6,3,3,1,1,1,1,2,2,2,2,2,2,1,0,0,6,3,110
AC,1,5,1,1,5,3,2,1,1,1,1,1,2,2,2,1,2,1,0,0,5,3,1510
AC,1,4,1,0,4,4,0,1,1,1,1,1,2,2,2,1,2,1,0,0,4,3,1270
AC,1,4,1,0,5,2,3,1,1,1,1,2,2,2,2,2,2,1,0,0,5,3,210
AC,1,,,,5,1,4,,,,,,,,,,,,,,5,3,200
AC,1,5,1,1,5,3,2,1,1,1,1,1,1,1,1,1,2,2,0,0,5,2,2221
AC,1,5,1,0,5,3,2,1,1,1,1,2,2,2,2,1,2,1,0,0,5,3,2722
AC,1,4,1,1,5,4,1,2,1,1,1,1,2,2,2,1,2,1,0,0,5,3,740
AC,1,,,,4,3,1,,,,,,,,,,,,,,4,1,851
AC,1,3,1,0,3,1,2,1,1,1,1,1,2,2,2,2,2,1,0,0,3,3,458
AC,1,4,1,2,1,0,1,2,1,1,1,1,1,1,2,1,2,2,0,1,1,1,2000
AC,1,,,,1,1,0,,,,,,,,,,,,,,1,3,250
AC,1,4,1,0,4,2,2,2,1,1,1,1,2,1,2,1,2,1,0,0,4,1,3200
AC,1,4,1,0,4,2,2,2,1,1,1,1,2,2,2,1,2,1,0,0,4,3,1351
AC,1,4,1,0,4,2,2,1,1,1,1,1,2,2,2,1,2,1,0,0,4,3,702
AC,1,6,1,0,11,7,4,2,1,1,1,1,2,2,2,2,2,1,0,0,11,3,530
AC,1,,,,2,0,2,,,,,,,,,,,,,,2,3,1908
AC,1,6,1,0,6,4,2,1,1,1,2,1,2,2,2,1,2,1,0,0,6,9,250
AC,1,4,1,0,7,5,2,1,1,1,1,1,2,2,2,1,2,2,0,0,7,3,810
AC,1,4,1,0,2,1,1,1,1,1,1,1,2,2,2,1,2,1,0,0,2,3,1192
AC,1,2,1,0,2,1,1,1,1,1,2,2,2,2,2,2,2,1,0,0,2,3,210
AC,1,5,1,0,2,1,1,1,1,1,1,1,2,2,2,2,2,1,0,0,2,3,502
AC,1,6,3,2,1,1,0,1,1,1,1,2,2,1,2,1,2,0,0,0,1,3,650
AC,1,5,1,0,4,1,3,1,1,1,1,1,2,2,2,1,2,1,0,0,4,3,800
AC,1,2,3,0,1,1,0,1,1,1,1,2,2,2,2,2,2,1,0,0,1,3,302
AC,1,7,1,1,5,3,2,1,1,1,1,1,2,2,2,1,2,1,0,0,5,3,800
AC,1,6,1,0,8,3,5,1,1,1,1,1,2,1,2,1,2,1,0,0,8,3,726
AC,1,4,1,0,3,1,2,1,1,1,2,1,2,2,2,1,2,1,0,0,3,3,400
AC,1,4,1,0,6,3,3,1,1,1,1,1,1,2,2,1,2,1,0,0,6,3,970
AC,1,3,1,0,5,3,2,1,1,1,2,2,2,2,2,1,2,1,0,0,5,3,600
AC,1,3,1,0,1,1,0,3,1,1,2,2,2,2,2,2,2,0,0,0,1,3,800
AC,1,4,1,0,1,1,0,1,1,1,1,1,2,2,2,1,2,1,0,0,1,3,302
AC,1,3,1,0,2,1,1,1,1,1,2,2,2,2,2,2,2,1,0,0,2,3,0
AC,1,2,3,0,2,1,1,3,1,2,2,2,2,2,2,2,2,0,0,0,2,3,80
AC,1,3,2,0,6,3,3,1,1,2,2,2,2,2,2,2,2,0,0,0,6,3,0
AC,1,3,1,0,2,1,1,1,1,2,2,2,2,2,2,2,2,0,0,0,2,3,0
AC,1,2,1,0,5,3,2,3,1,1,1,1,2,1,2,2,2,0,0,0,5,2,150
AC,1,4,1,0,9,5,4,3,1,1,1,2,2,2,2,2,2,1,0,0,9,2,752
AC,1,2,1,0,3,2,1,3,1,2,1,2,2,2,2,2,2,0,0,0,3,3,200
AC,1,4,1,0,5,2,3,3,1,1,1,2,2,2,2,2,2,1,0,0,5,3,85
AC,1,5,1,0,8,4,4,2,1,1,2,2,2,1,2,2,2,1,0,0,8,3,710
AC,1,4,1,0,3,1,2,1,1,1,1,2,2,2,2,2,2,1,0,0,3,3,470
AC,1,3,1,0,7,3,4,3,1,1,1,1,2,2,2,2,2,0,0,0,7,3,165
AC,1,4,1,0,3,2,1,3,1,1,1,2,2,2,2,2,2,0,0,0,3,3,332
AC,1,5,1,0,6,4,2,2,1,1,2,1,2,2,2,2,2,1,0,0,6,3,300
AC,1,3,1,0,4,3,1,3,1,1,1,2,2,2,2,2,2,1,0,0,4,3,290
AC,1,2,1,0,5,3,2,1,1,2,2,2,2,2,2,2,2,0,0,0,5,3,302
AC,1,2,1,0,4,2,2,3,5,2,2,2,2,2,2,2,2,0,0,0,4,3,105
AC,1,4,1,0,5,2,3,1,1,1,2,2,2,2,2,2,2,1,0,0,5,3,363
AC,1,5,1,0,4,2,2,1,5,1,1,2,2,2,2,2,2,0,0,0,4,3,302
AC,1,5,1,0,5,3,2,1,1,1,2,1,2,2,2,1,2,1,0,0,5,3,580
AC,1,2,1,0,2,1,1,1,1,1,1,1,2,2,2,2,2,1,0,0,2,3,453
AC,1,8,1,1,4,1,3,1,1,1,1,1,1,1,2,1,2,2,1,0,4,3,2400
AC,1,4,1,0,4,3,1,1,1,1,1,1,2,2,2,2,2,1,0,0,4,3,250
AC,1,4,1,0,2,1,1,1,1,1,1,1,2,2,2,1,2,1,0,0,2,3,750
AC,1,7,1,1,8,5,3,2,1,1,1,1,1,1,2,1,1,3,0,0,8,3,3000
AC,1,3,1,0,4,2,2,1,5,1,2,1,2,1,2,2,2,1,0,0,4,3,674
AC,1,3,5,0,1,1,0,1,5,1,1,2,2,2,2,2,2,0,0,0,1,3,302
AC,1,3,1,0,2,0,2,1,1,1,2,1,2,2,2,2,2,1,0,0,2,3,389
AC,1,4,1,0,6,3,3,2,5,1,1,1,2,2,2,2,2,1,0,0,6,3,180
AC,1,7,5,1,4,2,2,3,1,1,1,1,1,1,2,1,2,2,1,1,4,2,1250
AC,1,7,5,1,2,1,1,3,1,1,1,1,1,1,2,1,2,2,0,0,2,3,1200
AC,2,3,1,0,4,3,1,2,3,2,1,2,2,2,2,2,2,0,0,0,4,3,200
AC,2,2,1,0,2,1,1,2,3,2,2,2,2,2,2,2,2,0,0,0,2,3,150
AC,2,3,5,0,5,3,2,2,5,2,2,2,2,2,2,2,2,0,0,0,5,3,800
AC,2,3,1,0,6,3,3,2,3,2,2,2,2,2,2,2,2,0,0,0,6,3,250
AC,2,4,1,0,5,4,1,2,5,2,2,2,2,2,2,2,2,0,0,0,5,3,0
AC,2,3,1,0,5,4,1,2,5,2,1,2,2,2,2,2,2,0,0,0,5,3,100
AC,2,3,4,0,2,1,1,2,3,2,1,2,2,2,2,2,2,0,0,0,2,3,151
AC,2,4,5,0,8,4,4,2,5,2,2,2,2,2,2,2,2,0,0,0,8,3,604
AC,2,3,1,0,4,2,2,2,3,2,1,2,2,2,2,2,2,0,0,0,4,3,151
AC,2,1,1,0,4,3,1,2,3,2,1,2,2,2,2,2,2,0,0,0,4,3,20
AC,2,4,1,0,5,4,1,2,3,2,1,2,2,2,2,2,2,0,0,0,5,3,453
AC,2,2,1,0,3,2,1,2,5,2,1,2,2,2,2,2,2,0,0,0,3,3,100
AC,2,3,1,0,4,3,1,2,3,2,1,2,2,2,2,2,2,0,0,0,4,3,50
AC,2,,,,2,2,0,,,,,,,,,,,,,,2,3,452
AC,2,5,1,0,5,2,3,2,3,2,1,2,2,2,2,2,2,0,0,0,5,3,480
AC,2,,,,3,1,2,,,,,,,,,,,,,,3,3,541
AC,2,3,1,0,5,2,3,2,5,2,1,2,2,2,2,2,2,0,0,0,5,3,330
AC,2,5,1,0,5,3,2,2,5,2,2,2,2,2,2,2,2,0,0,0,5,3,160
AC,2,2,1,0,2,2,0,2,5,2,2,2,2,2,2,2,2,0,0,0,2,3,231
AC,2,3,1,0,3,2,1,2,5,2,2,2,2,2,2,2,2,0,0,0,3,3,30
AC,2,2,5,0,3,2,1,2,3,2,2,2,2,2,2,2,2,0,0,0,3,3,362
AC,2,2,1,0,4,1,3,2,5,2,2,2,2,2,2,2,2,0,0,0,4,3,130
AC,2,3,1,0,7,1,6,2,3,2,1,2,2,2,2,2,2,0,0,0,7,3,60
AC,2,4,1,0,3,1,2,2,5,1,2,2,2,2,2,2,2,1,0,0,3,3,120
AC,2,2,1,0,2,1,1,2,3,2,1,2,2,2,2,2,2,0,0,0,2,3,50
AC,2,2,1,0,5,2,3,2,3,2,1,2,2,2,2,2,2,0,0,0,5,3,191
AC,2,3,1,0,3,2,1,2,3,2,1,2,2,2,2,2,2,0,0,0,3,3,601
AC,2,3,1,0,9,7,2,2,3,2,2,2,2,2,2,2,2,0,0,0,9,3,190
AC,2,5,1,0,6,2,4,2,3,2,1,2,2,2,2,2,2,0,0,0,6,3,362
AC,2,2,5,0,1,0,1,2,3,2,2,2,2,2,2,2,2,0,0,0,1,3,302
AC,2,2,1,0,1,1,0,2,3,2,1,2,2,2,2,2,2,0,0,0,1,3,1500
AC,2,3,1,0,2,1,1,2,3,2,1,2,2,2,2,2,2,0,0,0,2,3,150
AC,2,5,1,0,3,1,2,2,5,2,2,2,2,2,2,2,2,0,0,0,3,3,100
AC,2,2,1,0,2,1,1,2,5,2,2,2,2,2,2,2,2,0,0,0,2,3,100
AC,2,2,1,0,8,4,4,2,3,2,2,2,2,2,2,2,2,0,0,0,8,3,65
AC,2,4,4,0,5,4,1,2,3,2,1,2,2,2,2,2,2,0,0,0,5,3,100
AC,2,1,1,0,3,1,2,2,5,2,2,2,2,2,2,2,2,0,0,0,3,3,30
AC,2,2,1,0,3,1,2,2,5,2,1,2,2,2,2,2,2,1,0,0,3,3,200
AC,2,1,1,0,3,3,0,2,5,2,2,2,2,2,2,2,2,0,0,0,3,3,60
AC,2,2,1,0,9,5,4,2,3,2,2,2,2,2,2,2,2,0,0,0,9,3,251
AC,2,2,1,0,4,2,2,2,5,2,2,2,2,2,2,2,2,0,0,0,4,3,100
AC,2,4,1,0,4,2,2,2,3,2,1,2,2,2,2,2,2,0,0,0,4,3,100
AC,2,3,1,0,2,1,1,2,4,2,1,2,2,2,2,2,2,0,0,0,2,3,80
AC,2,4,1,0,2,1,1,2,5,2,2,2,2,2,2,2,2,0,0,0,2,3,300
AC,2,1,1,0,2,2,0,2,5,2,2,2,2,2,2,2,2,0,0,0,2,3,0
AC,2,1,1,0,2,1,1,2,5,2,2,2,2,2,2,2,2,0,0,0,2,3,0
AC,2,3,1,0,4,3,1,2,5,2,1,2,2,2,2,2,2,0,0,0,4,3,0
AC,2,1,1,0,4,2,2,2,5,2,2,2,2,2,2,2,2,0,0,0,4,3,0
AC,2,2,1,0,2,1,1,2,5,2,1,2,2,2,2,2,2,0,0,0,2,3,0
AC,2,2,1,0,7,6,1,2,5,2,1,2,2,2,2,2,2,0,0,0,7,3,660
AC,2,1,1,0,2,1,1,2,5,2,2,2,2,2,2,2,2,0,0,0,2,3,0
AC,2,4,1,0,3,2,1,2,6,2,1,2,2,2,2,2,2,0,0,0,3,3,0
AC,2,3,1,0,2,1,1,2,6,2,2,2,2,2,2,2,2,0,0,0,2,3,0
AC,2,4,1,0,4,1,3,2,3,2,2,2,2,2,2,2,2,0,0,0,4,3,0
AC,2,4,1,0,5,1,4,2,6,2,2,2,2,2,2,2,2,0,0,0,5,3,0
AC,2,4,1,0,5,1,4,2,6,2,1,2,2,2,2,2,2,0,0,0,5,3,151
AC,2,2,1,0,2,1,1,2,6,2,2,2,2,2,2,2,2,0,0,0,2,3,0
AC,1,4,1,0,5,3,2,1,1,1,1,1,2,2,2,2,2,1,0,0,5,1,470
AC,1,6,1,1,7,3,4,1,1,1,1,1,2,2,2,1,2,1,0,0,7,1,1200
AC,1,2,1,1,3,2,1,1,1,1,2,1,2,2,2,2,2,1,0,0,3,1,260
AC,1,4,1,1,5,3,2,1,6,1,1,1,2,1,2,2,2,1,1,0,5,1,562
AC,1,3,1,0,3,1,2,1,6,1,1,1,2,2,2,2,2,1,0,0,3,2,351
AC,1,4,1,1,2,1,1,1,6,1,1,1,2,2,2,1,2,2,0,0,2,2,150
AC,1,1,3,0,8,3,5,1,1,1,2,2,2,2,2,2,2,0,0,0,8,2,266
AC,1,2,1,0,2,1,1,3,1,1,2,1,2,2,2,2,2,0,0,0,2,2,226
AC,1,7,1,1,9,5,4,3,1,1,1,1,2,2,2,1,2,2,0,0,9,2,627
AC,1,4,3,0,7,2,5,1,1,1,1,1,2,2,2,2,2,1,0,0,7,2,421
AC,1,4,3,1,2,0,2,1,1,1,1,1,2,1,2,1,2,1,0,0,2,2,350
AC,1,4,1,0,6,3,3,1,3,1,1,2,2,2,2,2,2,2,0,0,6,2,151
AC,1,5,1,0,2,1,1,3,5,1,1,1,1,2,2,2,2,5,0,0,2,2,151
AC,1,6,1,0,5,1,4,1,5,1,1,2,2,2,2,2,2,1,0,0,5,2,452
AC,1,3,6,0,2,1,1,1,1,1,1,2,2,2,2,1,2,2,0,0,2,1,769
AC,1,2,6,0,3,2,1,3,1,2,2,2,2,2,2,2,2,0,0,0,3,1,50
AC,1,8,1,1,4,2,2,1,1,1,1,1,1,2,1,1,2,2,0,0,4,1,2250
AC,1,4,5,1,4,2,2,1,1,1,2,1,2,2,2,2,2,1,0,0,4,1,850
AC,1,6,1,1,5,0,5,1,1,1,2,1,2,2,2,1,2,2,0,0,5,1,131
AC,1,4,1,1,1,0,1,1,1,1,2,1,2,2,2,2,2,1,0,0,1,1,684
AC,1,8,1,1,5,3,2,1,1,1,1,1,1,1,2,1,1,3,1,1,5,1,2627
AC,1,7,1,1,5,2,3,1,1,1,1,1,1,2,1,1,2,3,1,1,5,1,3480
AC,1,6,1,1,5,2,3,1,1,1,1,1,2,1,1,1,2,1,0,2,5,1,4053
AC,1,6,1,1,5,3,2,1,1,1,1,1,1,2,2,1,2,3,0,1,5,1,800
AC,1,7,1,1,5,2,3,1,5,1,1,1,2,2,2,1,2,1,0,0,5,1,320
AC,1,4,1,0,6,2,4,1,1,1,1,2,2,2,2,2,2,1,0,0,6,1,160
AC,1,5,5,0,4,2,2,1,5,1,1,1,2,2,2,1,2,1,0,0,4,1,301
AC,1,,,,4,1,3,,,,,,,,,,,,,,4,1,946
AC,1,5,1,0,3,1,2,1,1,1,2,1,2,2,2,1,2,1,0,0,3,2,250
AC,1,6,1,0,6,3,3,1,1,1,1,1,2,2,2,1,2,1,0,0,6,2,1311
AC,1,2,1,0,4,1,3,1,3,1,1,1,2,2,2,2,2,1,0,0,4,2,443
AC,1,5,1,0,1,1,0,1,1,1,2,1,2,2,2,2,2,1,0,0,1,2,0
AC,1,7,1,1,4,2,2,1,1,1,2,1,2,2,2,1,2,1,0,0,4,2,370
AC,1,7,1,1,4,3,1,1,1,1,1,1,1,2,2,1,2,3,1,1,4,1,3164
AC,1,9,3,3,7,4,3,1,1,1,1,1,1,2,1,1,2,2,1,1,7,1,4501
AC,1,6,1,1,4,1,3,1,1,1,1,1,2,2,2,1,2,1,0,0,4,1,452
AC,1,4,1,0,2,1,1,1,3,1,1,1,2,2,2,2,2,2,0,0,2,1,960
AC,1,3,3,1,1,0,1,1,1,1,1,1,2,2,2,2,2,1,0,0,1,1,300
AC,1,6,1,0,7,2,5,1,1,1,1,1,2,2,2,1,2,1,0,0,7,9,800
AC,1,7,1,1,5,2,3,1,1,1,1,1,1,2,2,1,2,3,0,0,5,1,2351
AC,1,4,1,0,3,2,1,1,1,1,1,1,2,2,2,1,2,1,1,0,3,1,400
AC,1,4,1,2,3,0,3,1,1,1,1,1,2,1,2,1,2,2,0,0,3,1,1150
AC,1,6,1,1,2,1,1,1,1,1,1,1,2,1,2,1,2,1,0,0,2,1,503
AC,1,2,1,0,4,2,2,1,5,1,1,1,2,2,2,2,2,1,0,0,4,3,150
AC,1,3,3,0,2,0,2,1,6,1,2,2,2,2,2,2,2,1,0,0,2,1,322
AC,1,3,1,0,3,2,1,1,1,1,1,2,2,2,2,1,2,1,0,0,3,3,652
AC,1,,,,1,1,0,,,,,,,,,,,,,,1,,
AC,1,12,1,4,7,4,3,1,1,1,1,1,1,1,1,1,1,2,2,4,7,1,8280
AC,1,2,3,1,1,1,0,1,1,1,1,2,2,2,2,1,2,0,0,0,1,3,1000
AC,1,6,1,1,7,2,5,1,1,1,1,1,1,2,2,1,2,3,0,1,7,1,1592
AC,1,5,1,1,2,1,1,1,1,1,2,1,2,1,2,1,2,1,0,0,2,1,151
AC,1,8,1,1,5,3,2,1,1,1,1,1,2,2,2,1,2,1,0,0,5,1,620
AC,1,6,1,1,3,1,2,1,1,1,1,1,2,2,2,2,2,1,0,0,3,1,330
AC,1,3,1,0,3,2,1,1,1,1,1,1,2,2,2,1,2,1,0,0,3,1,302
AC,1,5,1,1,4,3,1,1,1,1,1,1,1,1,2,1,2,1,0,0,4,1,920
AC,1,6,1,1,3,2,1,1,1,1,1,1,2,2,2,2,2,2,0,0,3,1,698
AC,1,6,1,1,7,4,3,2,1,1,1,1,1,2,2,2,2,2,0,0,7,1,2450
AC,1,8,1,1,5,3,2,1,1,1,1,1,1,2,2,1,2,1,0,0,5,1,230
AC,1,5,1,0,4,2,2,1,6,1,1,1,2,2,2,2,2,1,0,0,4,1,315
AC,1,3,1,0,4,0,4,1,5,1,1,1,2,2,2,2,2,1,0,0,4,1,200
AC,1,4,3,1,1,0,1,2,1,1,2,1,1,2,2,1,2,1,0,0,1,2,670
AC,1,3,1,0,7,3,4,1,1,1,1,1,2,2,2,2,2,1,0,0,7,2,0
AC,1,7,1,2,3,1,2,1,1,1,1,1,2,2,2,1,2,1,0,1,3,1,200
AC,1,8,1,2,5,2,3,1,1,1,1,1,1,1,1,1,1,3,1,2,5,1,3464
AC,1,5,1,1,2,1,1,1,1,1,1,1,2,2,2,2,2,1,0,0,2,1,552
AC,1,3,1,0,2,1,1,1,1,1,1,1,2,2,1,1,2,1,0,0,2,1,700
AC,1,5,1,1,7,3,4,1,1,1,1,1,2,2,2,1,2,1,1,0,7,1,530
AC,1,3,1,0,3,1,2,1,1,1,2,1,2,2,2,2,2,1,0,0,3,1,390
AC,1,7,1,1,4,2,2,1,1,1,1,1,2,2,2,1,2,1,0,0,4,1,500
AC,1,8,1,2,3,0,3,1,1,1,2,1,2,2,2,1,2,2,0,0,3,1,1572
AC,1,,,,1,1,0,,,,,,,,,,,,,,1,,
AC,1,7,1,2,4,1,3,1,1,1,1,1,1,2,1,1,1,2,1,2,4,1,3960
AC,1,,,,4,2,2,,,,,,,,,,,,,,4,,
AC,1,2,1,0,2,2,0,1,6,1,1,2,2,2,2,2,2,1,0,0,2,1,251
AC,1,,,,6,3,3,,,,,,,,,,,,,,6,1,550
AC,1,,,,2,1,1,,,,,,,,,,,,,,2,1,800
AC,1,,,,1,1,0,,,,,,,,,,,,,,1,1,150
AC,1,1,3,0,1,1,0,1,6,1,2,2,2,2,2,2,2,0,0,0,1,1,151
AC,1,6,1,1,4,2,2,1,1,1,1,1,2,2,2,1,2,1,0,0,4,1,1092
AC,1,4,3,0,3,2,1,1,1,1,1,1,2,2,2,1,2,1,0,0,3,1,700
AC,1,2,3,0,1,1,0,1,1,1,1,1,2,2,2,2,2,1,0,0,1,1,0
AC,1,2,3,0,1,1,0,1,1,1,2,2,2,2,2,2,2,0,0,0,1,1,195
AC,1,10,1,2,5,3,2,2,1,1,1,1,1,1,2,1,1,4,2,4,5,1,5200
AC,1,7,1,1,4,2,2,1,1,1,1,1,1,1,2,1,1,2,1,1,4,1,2000
AC,1,5,1,0,4,2,2,1,1,1,1,1,2,2,2,1,2,2,0,0,4,1,1560
AC,1,6,3,1,4,2,2,1,1,1,1,1,1,2,1,1,2,1,0,0,4,1,680
AC,1,5,1,0,3,3,0,1,1,1,1,1,2,2,2,1,2,1,0,0,3,1,351
AC,1,6,1,0,9,4,5,1,1,1,1,1,2,2,2,1,2,0,0,0,9,1,1053
AC,1,5,1,0,5,3,2,1,1,1,1,1,2,2,2,2,2,1,0,0,5,1,1200
AC,1,6,1,2,6,2,4,1,1,1,1,1,1,1,2,1,2,3,1,2,6,3,2250
AC,1,5,1,1,3,2,1,1,1,1,1,1,2,2,2,1,2,1,0,1,3,3,711
AC,1,5,1,1,3,1,2,1,3,1,1,1,1,2,2,1,2,1,0,1,3,3,930
AC,1,4,5,0,4,1,3,1,1,1,2,1,2,2,2,1,2,1,0,0,4,3,822
AC,1,4,3,1,1,0,1,1,1,1,1,1,1,1,2,1,2,1,0,1,1,2,2240
AC,1,5,3,1,2,0,2,1,1,1,2,1,2,2,2,2,2,1,1,0,2,3,0
AC,1,6,1,1,4,1,3,1,1,1,1,1,2,2,1,1,2,1,0,0,4,1,776
AC,1,7,1,2,10,5,5,1,1,1,1,1,2,1,2,1,2,2,1,1,10,1,2100
AC,1,2,5,0,3,1,2,1,1,1,1,1,1,2,2,2,2,1,0,0,3,1,450
AC,1,6,1,1,4,2,2,1,1,1,2,1,2,2,2,2,2,1,0,0,4,1,831
AC,1,2,1,0,3,0,3,1,1,1,1,1,2,2,2,2,2,1,0,0,3,3,302
AC,1,6,1,1,3,0,3,2,1,1,1,1,2,2,2,1,2,2,0,0,3,3,865
AC,1,8,1,1,3,1,2,1,1,1,1,1,2,2,2,1,2,1,0,0,3,1,802
AC,1,7,1,2,4,3,1,1,1,1,2,1,2,1,2,1,2,1,1,1,4,1,800
AC,1,3,1,0,2,1,1,3,5,1,1,2,2,2,2,2,2,1,0,0,2,3,0
AC,1,6,1,1,4,3,1,1,1,1,1,1,2,1,2,1,2,2,0,0,4,3,603
AC,1,5,1,1,4,1,3,1,1,1,1,1,2,2,2,2,2,1,0,0,4,3,553
AC,1,5,1,1,2,1,1,1,1,1,1,1,2,2,2,1,2,1,0,0,2,3,1000
AC,1,2,1,0,5,2,3,3,5,1,1,1,2,2,2,2,2,1,0,0,5,3,703
AC,1,3,3,1,1,1,0,1,1,1,2,1,1,2,2,2,2,1,0,0,1,3,675
AC,1,7,1,1,2,1,1,1,1,1,1,1,2,2,2,1,2,1,0,0,2,1,600
AC,1,3,1,0,6,3,3,2,1,1,1,1,2,2,2,2,2,1,0,0,6,3,600
AC,1,3,3,1,2,1,1,1,1,1,1,1,1,2,1,2,1,1,0,0,2,3,1000
AC,1,7,1,2,3,2,1,1,6,1,1,1,2,1,2,1,2,1,0,0,3,1,1000
AC,1,5,1,1,4,1,3,1,1,1,1,1,2,2,2,1,2,2,0,0,4,1,1285
AC,1,7,1,2,5,1,4,1,1,1,1,1,2,1,2,1,2,2,1,1,5,1,1900
AC,1,4,1,1,3,1,2,1,1,1,1,1,2,2,2,2,2,1,0,0,3,1,1175
AC,1,7,1,2,3,1,2,1,1,1,1,1,2,2,2,1,2,2,1,1,3,1,3200
AC,1,6,3,1,3,1,2,1,1,1,1,1,1,1,2,2,2,1,0,0,3,1,3000
AC,1,6,1,1,4,2,2,1,1,1,1,1,2,1,2,2,2,1,0,0,4,1,302
AC,1,10,1,2,6,3,3,2,1,1,1,1,1,1,1,1,2,2,1,0,6,1,6942
AC,1,6,1,1,4,2,2,1,1,1,2,1,2,1,2,1,2,1,0,0,4,1,921
AC,1,8,1,1,5,1,4,1,1,1,1,1,1,2,1,1,2,4,1,3,5,1,6650
AC,1,,,,1,1,0,,,,,,,,,,,,,,1,,
AC,1,8,1,2,2,0,2,1,1,1,2,1,2,2,2,1,2,1,0,1,2,1,1000
AC,1,7,1,1,1,0,1,2,1,1,2,1,2,2,2,1,2,1,0,0,1,1,800
AC,1,4,3,1,4,1,3,1,1,1,1,1,2,2,2,2,2,1,0,0,4,1,250
AC,1,3,1,0,2,0,2,1,1,1,1,1,2,2,2,1,2,1,0,0,2,1,671
AC,1,6,1,1,4,1,3,1,1,1,1,1,2,2,2,1,2,1,0,1,4,1,400
AC,1,7,1,2,3,1,2,1,1,1,1,1,1,1,2,1,2,2,1,1,3,1,1400
AC,1,8,1,2,6,4,2,2,1,1,1,1,1,2,2,2,2,1,0,0,6,1,477
AC,1,5,1,0,7,4,3,1,1,1,1,1,2,2,2,2,2,1,1,0,7,3,853
AC,1,5,1,1,4,3,1,2,1,1,1,1,2,2,2,1,2,1,0,1,4,1,1251
AC,1,3,1,0,5,4,1,2,3,1,1,1,2,2,2,2,2,1,0,0,5,3,351
AC,1,5,1,0,5,1,4,2,3,1,1,2,2,2,2,2,2,1,0,0,5,3,0
AC,1,1,1,0,7,2,5,2,1,1,1,1,2,2,2,2,2,1,0,0,7,3,527
AC,1,8,1,2,6,2,4,1,1,1,1,1,2,1,2,1,2,1,0,0,6,3,3400
AC,1,2,1,1,3,1,2,1,1,1,1,1,2,2,2,1,2,2,0,0,3,3,2270
AC,1,1,1,0,5,3,2,2,1,2,1,1,2,2,2,1,2,0,1,0,5,3,951
AC,1,5,3,1,4,3,1,2,1,1,1,1,2,2,2,2,2,1,1,0,4,3,640
AC,1,6,1,1,5,3,2,2,1,1,1,1,2,2,2,1,2,1,0,0,5,3,1111
AC,1,1,4,0,3,2,1,3,1,1,1,1,2,2,2,1,2,2,0,0,3,3,800
AC,1,1,1,0,4,2,2,2,5,1,1,2,2,2,2,2,2,0,0,0,4,3,0
AC,1,6,1,1,3,1,2,2,1,1,1,1,2,2,2,2,2,2,1,0,3,3,400
AC,1,6,1,1,5,1,4,1,1,1,1,1,1,2,2,1,2,3,0,0,5,3,1042
AC,1,7,1,1,6,4,2,1,1,1,1,1,1,2,2,1,2,2,0,0,6,3,2060
AC,1,3,1,0,6,4,2,2,1,1,1,1,2,2,2,1,2,1,0,0,6,3,531
AC,1,7,1,2,5,1,4,1,1,1,1,1,1,1,1,1,2,3,2,1,5,3,3300
AC,1,3,1,1,4,1,3,1,1,1,1,1,1,2,2,1,2,1,0,0,4,3,698
AC,1,9,1,2,5,3,2,1,1,1,1,1,2,2,2,1,2,2,0,0,5,1,906
AC,1,7,1,1,4,3,1,1,1,1,1,1,2,1,2,1,2,1,0,1,4,1,1631
AC,1,3,1,1,4,2,2,2,1,1,1,1,2,2,2,2,2,1,0,0,4,1,2000
AC,1,1,3,0,2,2,0,3,1,1,1,2,2,2,2,2,2,1,0,0,2,3,200
AC,1,4,1,1,2,1,1,2,1,1,1,1,2,1,2,1,2,1,0,0,2,1,500
AC,1,5,1,0,4,2,2,2,1,1,1,1,2,2,2,1,2,1,0,0,4,1,801
AC,1,5,1,0,6,1,5,1,1,1,1,1,2,2,2,2,2,1,0,0,6,3,872
AC,1,5,1,0,3,1,2,2,1,1,1,1,2,2,2,2,2,0,0,0,3,1,902
AC,1,6,1,1,4,1,3,1,1,1,1,1,1,2,2,1,2,2,1,1,4,1,1404
AC,1,6,3,1,3,2,1,1,1,1,2,1,2,2,2,2,2,2,0,0,3,1,1400
AC,1,6,1,0,1,0,1,1,1,1,2,1,2,2,2,2,2,1,0,0,1,1,302
AC,1,2,4,0,3,2,1,1,1,1,2,1,2,2,2,2,2,1,0,0,3,1,151
AC,1,6,1,0,3,1,2,1,1,1,1,1,2,1,2,1,2,1,0,0,3,3,400
AC,1,2,1,0,3,1,2,2,1,1,1,2,2,2,2,2,2,2,0,0,3,3,231
AC,1,3,3,0,1,0,1,1,1,1,2,2,2,2,2,2,2,1,0,0,1,3,151
AC,1,6,1,1,5,3,2,1,1,1,1,1,2,2,2,2,2,1,0,0,5,3,160
AC,1,2,1,0,3,2,1,3,1,1,2,2,2,2,2,2,2,1,0,0,3,1,60
AC,1,8,1,1,4,2,2,1,1,1,1,1,2,2,2,1,2,2,2,0,4,1,1052
AC,1,5,1,1,4,1,3,2,1,1,1,1,2,2,2,1,2,1,0,0,4,1,751
AC,1,6,1,0,4,2,2,1,1,1,1,1,1,2,2,1,2,2,0,0,4,1,453
AC,1,2,1,0,3,2,1,2,1,1,1,1,2,2,2,1,2,1,1,0,3,3,830
AC,1,5,1,0,5,2,3,1,1,1,1,1,2,2,2,2,2,1,0,0,5,3,861
AC,1,3,1,0,4,2,2,1,1,1,1,1,2,2,2,1,2,2,0,0,4,3,161
AC,1,5,1,0,5,2,3,2,1,1,2,1,2,2,2,2,2,1,0,0,5,3,643
AC,1,8,1,2,5,3,2,2,1,1,1,1,1,2,1,1,2,2,1,1,5,3,800
AC,1,8,1,2,5,3,2,2,1,1,1,1,2,2,2,1,2,1,0,0,5,3,601
AC,1,5,1,1,4,1,3,1,1,1,1,1,2,2,2,1,2,1,0,0,4,3,1400
AC,1,5,1,1,8,5,3,3,1,1,2,1,2,2,2,2,2,0,0,0,8,3,450
AC,1,4,1,0,3,2,1,2,3,1,1,1,2,2,2,2,2,2,0,0,3,3,400
AC,1,2,3,1,3,2,1,1,1,1,2,1,1,2,2,2,2,1,0,0,3,3,150
AC,1,5,1,1,4,3,1,2,1,1,1,1,1,2,2,1,2,2,0,1,4,3,800
AC,1,7,1,2,1,0,1,2,1,1,1,1,2,2,2,2,2,0,0,0,1,3,300
AC,1,6,1,1,2,0,2,2,1,1,1,1,2,2,2,1,2,1,0,0,2,3,251
AC,1,4,1,1,4,2,2,2,1,1,1,1,2,2,2,2,2,1,0,0,4,3,750
AC,1,3,1,0,5,2,3,2,1,1,1,1,2,2,2,2,2,1,0,0,5,3,70
AC,1,5,1,1,3,1,2,2,1,1,1,1,1,2,2,2,2,1,0,0,3,3,252
AC,1,4,3,1,4,2,2,2,1,1,1,1,2,2,2,2,2,1,0,0,4,3,310
AC,1,4,1,1,5,2,3,2,1,1,1,1,2,2,2,1,2,1,1,1,5,1,1881
AC,1,3,1,1,4,2,2,2,1,1,2,1,2,2,2,1,2,1,0,0,4,1,151
AC,1,6,1,1,4,2,2,2,1,1,1,1,2,2,2,1,2,1,0,0,4,3,1561
AC,1,5,1,1,4,2,2,2,1,1,1,1,2,2,2,2,2,0,0,0,4,1,251
AC,1,6,1,0,4,1,3,2,1,1,2,1,2,2,2,1,2,1,0,0,4,3,321
AC,1,5,1,1,5,1,4,2,1,1,2,1,2,1,1,2,2,1,1,1,5,1,500
AC,1,1,1,0,4,3,1,2,1,1,1,2,2,2,2,2,2,1,0,0,4,3,604
AC,1,4,1,0,3,1,2,2,3,1,1,1,2,2,2,2,2,1,0,0,3,3,330
AC,1,4,3,0,5,4,1,2,1,1,2,1,2,2,2,2,2,1,0,0,5,3,2000
AC,1,4,1,0,3,2,1,2,1,1,1,1,2,1,2,1,2,1,0,0,3,3,209
AC,1,2,1,0,4,2,2,2,3,1,2,1,2,2,2,1,2,1,0,0,4,3,751
AC,1,5,3,0,5,2,3,2,1,1,2,2,2,2,2,2,2,1,0,0,5,3,151
AC,1,2,3,0,5,2,3,2,1,1,1,2,2,2,2,2,2,1,0,0,5,3,150
AC,1,4,1,0,3,2,1,2,1,1,1,1,2,2,2,2,2,1,0,0,3,3,1012
AC,1,5,1,0,2,1,1,2,1,1,1,1,2,2,2,2,2,1,1,0,2,3,1200
AC,1,8,1,1,7,4,3,2,1,1,2,1,1,2,2,2,2,1,0,0,7,3,351
AC,1,4,1,0,4,3,1,2,1,2,2,2,2,2,2,2,2,0,0,0,4,3,351
AC,1,4,1,1,3,1,2,2,1,1,1,1,2,2,2,2,2,1,0,0,3,3,450
AC,1,3,1,1,3,2,1,2,1,1,1,1,2,2,2,2,2,1,0,0,3,3,358
AC,1,4,1,0,4,1,3,2,1,1,1,1,1,2,2,2,2,0,0,0,4,3,600
AC,1,4,1,1,4,3,1,2,1,1,2,1,2,2,2,2,2,1,0,0,4,3,800
AC,1,4,1,0,4,2,2,2,1,1,1,1,2,2,2,2,2,0,0,0,4,3,200
AC,1,4,1,0,6,3,3,2,1,1,1,1,2,2,2,2,2,1,0,0,6,3,400
AC,1,4,3,0,5,1,4,2,1,1,1,2,2,2,2,2,2,1,0,0,5,3,151
AC,1,5,1,0,4,1,3,2,1,1,1,1,2,2,2,2,2,1,0,0,4,3,280
AC,1,4,1,0,6,3,3,2,1,1,1,1,2,2,2,2,2,1,0,0,6,3,1504
AC,1,4,1,1,4,2,2,2,1,1,1,1,1,2,2,1,2,1,0,0,4,3,1151
AC,1,5,1,1,4,3,1,2,1,1,1,1,1,2,2,1,2,1,0,0,4,1,400
AC,1,3,1,0,5,1,4,3,1,1,1,2,2,2,2,2,2,1,0,0,5,3,0
AC,1,10,1,2,1,1,0,2,1,1,2,1,1,2,2,1,2,1,1,0,1,3,400
AC,1,4,1,1,1,1,0,2,1,1,1,1,2,2,2,1,2,1,0,0,1,3,500
AC,1,4,1,0,5,2,3,1,1,1,1,1,2,2,2,2,2,1,0,0,5,3,793
AC,1,1,1,0,3,2,1,3,1,1,1,1,2,2,2,2,2,0,1,0,3,3,240
AC,1,3,1,0,3,2,1,2,1,1,1,1,2,2,2,2,2,1,0,0,3,3,250
AC,1,4,1,1,2,1,1,2,1,1,1,1,2,2,2,1,2,1,0,0,2,3,231
AC,1,2,1,0,3,2,1,2,1,1,1,1,1,1,1,1,1,1,1,0,3,3,1500
AC,1,4,1,0,4,3,1,2,1,1,2,1,2,2,2,1,2,1,0,0,4,3,500
AC,1,6,1,1,5,2,3,2,1,1,2,1,2,2,2,2,2,1,0,0,5,3,151
AC,1,8,1,3,4,2,2,2,1,1,1,1,1,2,2,1,2,3,1,0,4,3,2200
AC,1,1,1,0,6,4,2,2,1,1,1,1,2,2,2,2,2,1,0,0,6,3,350
AC,1,3,1,0,3,1,2,2,1,1,1,1,2,2,2,2,2,1,0,0,3,3,0
AC,1,4,1,0,3,2,1,2,3,1,1,2,2,2,2,2,2,1,0,0,3,3,301
AC,1,3,1,0,1,0,1,2,6,1,2,2,2,2,2,2,2,1,0,0,1,3,302
AC,1,5,1,0,5,4,1,2,1,1,1,1,2,2,2,2,2,1,0,0,5,3,351
AC,1,4,1,1,2,1,1,2,3,1,1,1,2,2,2,1,2,1,0,0,2,3,352
AC,1,6,1,1,5,2,3,2,1,1,2,1,2,2,2,1,2,1,0,0,5,3,250
AC,1,4,1,1,4,2,2,2,1,1,1,1,2,2,2,1,2,1,0,0,4,3,442
AC,1,2,1,0,3,2,1,2,1,1,1,1,1,2,2,1,2,1,0,0,3,3,421
AC,1,3,5,0,5,2,3,2,1,1,1,1,2,2,2,1,2,1,0,0,5,3,301
AC,1,4,1,1,5,2,3,2,1,1,2,1,2,2,2,1,2,1,0,0,5,3,480
AC,1,4,1,0,3,2,1,2,5,1,2,2,2,2,2,2,2,0,0,0,3,3,151
AC,1,3,1,0,2,2,0,2,1,1,1,1,2,2,2,2,2,1,0,0,2,3,250
AC,1,5,1,1,2,2,0,2,1,1,2,1,2,2,2,1,2,0,0,1,2,1,500
AC,1,4,5,0,2,2,0,3,1,1,1,1,2,2,2,2,2,0,0,0,2,3,430
AC,1,3,1,0,1,1,0,2,5,1,1,1,2,2,2,2,2,1,0,0,1,3,1000
AC,1,4,1,0,2,2,0,2,5,1,2,2,2,2,2,2,2,1,0,0,2,3,160
AC,1,3,4,1,1,1,0,2,1,1,1,1,2,2,2,1,2,0,0,0,1,3,1000
AC,1,5,1,0,4,3,1,2,1,1,2,1,2,2,2,2,2,1,0,0,4,3,300
AC,1,4,1,0,5,3,2,2,1,1,1,2,2,2,2,1,2,1,0,0,5,3,501
AC,1,13,1,2,9,5,4,2,1,1,1,1,1,1,2,1,2,2,1,0,9,3,5130
AC,1,5,1,2,3,1,2,2,1,1,1,1,2,2,2,1,2,1,0,0,3,3,879
AC,1,7,1,1,3,2,1,2,1,1,1,1,2,2,2,1,2,0,0,0,3,3,230
AC,1,4,4,0,2,1,1,2,1,1,2,1,2,2,2,2,2,2,0,2,2,3,350
AC,1,5,1,0,5,4,1,2,3,1,2,1,2,2,2,2,2,0,0,0,5,3,2650
AC,1,3,1,0,3,2,1,2,1,1,1,1,2,2,2,2,2,1,0,0,3,3,453
AC,1,4,1,0,3,2,1,2,3,1,1,1,2,2,2,2,2,0,0,0,3,3,271
AC,1,2,3,0,2,1,1,2,3,1,2,2,2,2,2,2,2,0,0,0,2,2,50
AC,1,7,1,2,3,2,1,2,1,1,1,1,2,2,2,1,2,1,0,0,3,1,611
AC,1,5,1,1,6,3,3,2,1,1,2,1,2,1,2,2,2,1,0,0,6,1,1500
AC,1,6,1,1,2,0,2,2,1,1,1,1,2,2,2,2,2,1,0,0,2,9,151
AC,1,4,1,0,5,2,3,2,1,1,1,1,2,2,2,2,2,1,0,0,5,3,670
AC,1,1,1,0,2,1,1,2,1,1,2,2,2,2,2,1,2,0,0,0,2,3,610
AC,1,1,3,0,2,1,1,2,1,1,2,1,2,2,2,2,2,1,0,0,2,3,400
AC,1,9,1,1,3,2,1,2,1,1,1,1,2,2,2,2,2,1,0,0,3,3,160
AC,1,5,1,1,3,2,1,2,1,1,1,1,1,2,2,1,2,1,1,0,3,2,500
AC,1,4,1,1,4,3,1,2,1,1,1,1,2,2,2,2,2,1,0,0,4,3,980
AC,1,4,1,0,4,3,1,2,1,1,1,2,2,2,2,2,2,2,0,0,4,3,301
AC,1,2,1,0,2,1,1,2,3,1,1,1,2,2,2,2,2,1,0,0,2,3,210
AC,1,4,1,0,3,1,2,2,3,1,1,2,2,2,2,1,2,1,0,0,3,3,453
AC,1,3,1,0,2,1,1,3,5,2,2,2,2,2,2,2,2,0,0,0,2,3,260
AC,1,5,1,0,4,1,3,3,3,1,1,2,2,2,2,2,2,0,0,0,4,3,390
AC,1,3,1,0,4,2,2,2,1,1,1,1,2,2,2,1,2,2,0,0,4,3,402
AC,1,3,1,0,4,2,2,3,1,1,2,1,2,2,2,2,2,1,0,0,4,3,720
AC,1,4,1,0,4,2,2,2,1,1,2,1,2,2,2,2,2,1,0,0,4,3,1400
AC,1,3,3,0,3,2,1,3,3,1,2,2,2,2,2,2,2,1,0,0,3,9,151
AC,1,3,1,0,3,1,2,3,1,1,1,1,2,2,2,1,2,1,0,0,3,3,300
AC,1,3,1,0,5,2,3,2,1,1,2,1,2,2,2,1,2,2,0,0,5,3,430
AC,1,3,1,0,5,2,3,2,1,1,2,2,2,2,2,2,2,0,0,0,5,3,503
AC,1,3,1,0,3,2,1,3,3,1,1,1,2,2,2,2,2,0,0,0,3,3,332
AC,1,4,1,0,5,2,3,2,1,1,1,1,2,2,2,2,2,0,0,6,5,3,452
AC,1,3,1,0,6,3,3,2,1,1,2,2,2,2,2,2,2,0,0,0,6,3,220
AC,1,3,1,0,1,1,0,3,1,2,1,2,2,2,2,2,2,0,0,0,1,3,298
AC,1,4,1,0,2,1,1,3,2,1,1,1,2,2,2,2,2,1,0,0,2,3,248
AC,1,3,3,1,3,2,1,2,1,1,1,2,2,2,2,2,2,0,0,0,3,3,100
AC,1,4,1,0,1,1,0,1,1,1,1,1,1,2,2,1,2,1,0,0,1,3,302
AC,1,2,2,0,3,2,1,1,1,1,2,2,2,2,2,2,2,0,0,0,3,3,151
AC,1,4,1,0,5,1,4,2,1,1,1,2,2,2,2,2,2,0,0,0,5,1,50
AC,1,4,1,1,4,3,1,2,1,1,1,1,2,2,2,1,2,1,0,0,4,3,300
AC,1,4,1,0,3,2,1,1,1,1,1,1,2,2,2,2,2,1,0,0,3,3,180
AC,1,2,1,0,3,2,1,2,1,1,1,1,2,2,2,1,2,1,0,0,3,3,302
AC,1,5,1,1,4,2,2,1,1,1,2,1,2,2,2,2,2,1,0,0,4,3,325
AC,1,7,1,1,3,2,1,2,1,1,1,1,2,2,2,2,2,2,1,0,3,3,250
AC,1,2,1,0,3,2,1,2,5,1,1,2,2,2,2,2,2,1,0,0,3,3,362
AC,1,2,3,0,3,0,3,2,1,1,2,2,2,2,2,2,2,1,0,0,3,3,0
AC,1,5,1,0,2,1,1,3,1,1,1,2,2,2,2,2,2,0,0,0,2,3,448
AC,1,2,1,0,5,3,2,2,1,1,2,1,2,2,2,2,2,0,0,0,5,3,451
AC,1,1,1,0,3,2,1,2,5,1,2,1,2,2,2,2,2,1,0,0,3,3,301
AC,1,5,1,0,9,6,3,2,1,1,1,1,2,2,2,2,2,1,0,0,9,3,1183
AC,1,3,1,0,2,1,1,2,5,1,2,1,2,2,2,2,2,1,0,0,2,3,200
AC,1,5,1,0,9,4,5,2,3,2,1,2,2,2,2,2,2,0,0,0,9,3,150
AC,1,2,1,0,2,2,0,2,5,2,1,2,2,2,2,2,2,0,0,0,2,3,302
AC,1,3,1,0,1,1,0,3,1,1,2,2,2,2,2,2,2,0,0,0,1,9,100
AC,1,3,1,0,4,3,1,2,5,1,1,1,2,2,2,2,2,1,0,0,4,9,650
AC,1,4,1,0,4,1,3,2,1,1,1,1,2,2,2,2,2,1,0,0,4,3,207
AC,1,5,1,0,3,1,2,2,1,1,1,1,2,2,2,1,2,2,0,0,3,3,451
AC,1,1,1,0,2,1,1,2,1,1,2,2,2,2,2,2,2,1,0,0,2,2,302
AC,1,5,1,1,4,2,2,2,1,1,1,1,2,2,2,2,2,1,1,0,4,3,271
AC,1,1,1,0,2,2,0,2,5,1,2,1,2,2,2,2,2,0,0,0,2,3,200
AC,1,2,1,0,3,1,2,2,1,1,1,1,2,2,2,1,2,1,0,0,3,9,302
AC,1,4,1,0,3,1,2,1,1,1,1,1,2,2,2,1,2,2,0,0,3,3,300
AC,1,5,1,1,1,1,0,1,1,1,2,1,2,2,2,1,2,1,0,0,1,3,151
AC,1,2,1,0,6,5,1,3,5,2,2,2,2,2,2,2,2,0,0,0,6,3,200
AC,1,2,1,0,6,1,5,3,1,1,2,2,2,2,2,2,2,0,0,0,6,3,711
AC,1,4,1,0,3,2,1,2,1,1,1,1,2,2,2,2,2,1,1,0,3,3,160
AC,1,5,1,0,2,1,1,2,1,1,1,1,1,2,2,1,2,1,0,0,2,3,791
AC,1,2,1,0,1,1,0,2,3,1,2,2,2,2,2,2,2,1,0,0,1,3,600
AC,1,5,1,2,2,1,1,2,1,1,1,1,1,2,2,1,2,1,0,2,2,3,1448
AC,1,2,1,0,5,2,3,2,3,1,1,1,2,2,2,2,2,1,0,0,5,3,250
AC,1,5,1,1,2,1,1,2,3,1,1,1,2,1,2,2,2,1,0,0,2,3,666
AC,1,3,4,0,2,1,1,2,5,1,1,1,2,2,2,2,2,1,0,0,2,3,151
AC,1,4,1,0,5,3,2,2,3,1,2,1,2,2,2,1,2,1,0,0,5,1,150
AC,1,3,1,0,1,1,0,1,1,1,1,1,2,2,2,1,2,1,1,0,1,1,300
AC,1,3,1,0,2,1,1,1,6,1,2,2,2,2,2,2,2,0,0,0,2,1,250
AC,1,2,1,0,1,1,0,1,6,1,1,1,2,2,2,2,2,2,0,0,1,1,147
AC,1,4,1,0,1,1,0,2,3,1,1,1,2,2,2,2,2,0,0,0,1,1,302
AC,1,3,1,0,2,1,1,1,1,1,1,1,2,2,2,1,2,1,0,0,2,3,166
AC,1,3,1,0,4,2,2,1,6,1,2,1,2,2,2,2,2,0,0,0,4,3,302
AC,1,3,1,0,1,0,1,1,6,1,1,2,2,1,2,2,2,1,2,0,1,3,40
AC,1,4,1,0,3,1,2,1,1,1,1,1,2,2,2,1,2,1,0,0,3,3,1600
AC,1,5,1,0,3,2,1,1,2,1,2,1,2,2,2,2,2,2,0,0,3,3,421
AC,1,3,1,0,4,3,1,3,6,1,1,1,2,2,2,2,2,1,0,0,4,3,300
AC,1,2,1,0,6,1,5,1,6,1,2,1,2,2,2,2,2,1,0,0,6,3,151
AC,1,2,1,0,1,0,1,2,1,2,1,2,2,2,2,2,2,3,0,0,1,3,152
AC,1,4,1,1,2,1,1,2,1,1,1,1,2,2,2,2,2,1,0,0,2,3,151
AC,1,2,6,0,4,1,3,2,1,1,1,2,2,2,2,2,2,1,0,0,4,3,239
AC,1,3,1,0,3,2,1,2,1,1,1,2,2,2,2,2,2,1,0,0,3,3,500
AC,1,3,1,0,5,4,1,2,1,1,2,2,2,2,2,2,2,1,0,0,5,3,151
AC,1,3,1,0,4,2,2,2,3,1,1,1,2,2,2,2,2,1,0,0,4,3,150
AC,1,4,1,0,6,3,3,2,5,2,2,2,2,2,2,2,2,1,0,0,6,9,151
AC,1,4,1,0,2,1,1,2,1,1,2,1,2,2,2,2,2,0,0,0,2,3,302
AC,1,2,1,0,1,1,0,3,3,2,2,2,2,2,2,2,2,0,0,0,1,3,251
AC,1,4,1,1,4,0,4,2,3,1,1,2,2,2,2,2,2,1,0,0,4,3,180
AC,1,3,1,0,5,2,3,3,1,2,2,2,2,2,2,2,2,1,0,0,5,3,80
AC,1,7,1,1,9,4,5,2,1,1,1,1,2,2,2,1,2,2,0,0,9,3,1746
AC,1,5,1,1,4,2,2,2,1,1,1,1,1,2,2,1,1,1,0,0,4,3,1500
AC,1,3,1,1,3,0,3,2,1,1,1,1,2,2,2,2,2,1,0,0,3,3,453
AC,1,4,1,0,2,1,1,2,1,1,1,1,2,2,2,1,2,1,0,0,2,3,151
AC,1,4,1,0,5,2,3,2,1,1,1,1,2,2,2,2,2,1,0,0,5,2,604
AC,1,5,1,0,4,3,1,2,1,1,1,1,2,2,2,1,2,1,0,0,4,3,451
AC,1,4,1,0,5,2,3,2,1,2,1,2,2,2,2,2,2,1,0,0,5,3,200
AC,1,4,1,0,5,1,4,2,1,1,1,1,2,2,2,2,2,0,0,0,5,3,0
AC,1,4,1,0,4,2,2,2,1,1,1,2,2,2,2,2,2,1,0,0,4,9,230
AC,1,4,5,0,4,2,2,2,1,1,1,1,2,2,2,2,2,1,0,0,4,3,490
AC,1,4,1,0,3,2,1,1,1,1,1,1,2,2,2,2,2,1,0,0,3,2,532
AC,1,4,1,0,3,2,1,2,1,1,1,1,2,2,2,1,2,1,0,0,3,2,453
AC,1,4,1,1,4,1,3,2,1,1,1,1,2,2,2,1,2,1,0,0,4,2,1200
AC,1,7,1,1,6,4,2,2,1,1,2,1,2,2,2,1,2,3,0,0,6,1,393
AC,1,6,1,1,4,2,2,2,1,1,1,1,2,1,2,1,2,1,0,0,4,1,923
AC,1,4,1,0,5,4,1,2,5,2,1,2,2,2,2,2,2,0,0,0,5,3,210
AC,1,3,2,0,4,2,2,2,3,2,2,2,2,2,2,2,2,0,0,0,4,3,181
AC,1,4,1,1,4,2,2,2,1,1,1,1,2,2,2,1,2,3,1,0,4,1,1928
AC,1,7,1,1,2,0,2,2,1,1,2,1,2,2,2,1,2,1,0,0,2,1,1850
AC,1,4,1,1,1,0,1,2,1,1,2,1,2,2,2,2,2,1,0,0,1,1,500
AC,1,5,1,1,5,1,4,2,1,1,1,1,2,2,2,1,2,2,0,0,5,1,851
AC,1,8,1,2,4,2,2,2,1,1,1,1,2,2,2,1,2,1,0,0,4,1,450
AC,1,5,1,0,3,1,2,1,1,1,2,1,1,2,1,1,2,1,1,0,3,1,650
AC,1,5,1,1,1,1,0,1,1,1,1,1,2,2,2,1,2,2,1,1,1,1,700
AC,1,5,1,0,2,0,2,1,1,1,1,1,2,2,2,1,2,1,0,0,2,1,151
AC,1,6,1,0,3,1,2,1,1,1,1,1,2,2,2,1,2,1,0,0,3,9,700
AC,1,5,1,1,7,2,5,2,1,1,1,1,2,2,2,2,2,1,0,0,7,3,451
AC,1,4,3,0,3,2,1,1,1,1,1,1,2,2,2,1,2,1,0,0,3,3,150
AC,1,4,1,0,2,1,1,1,1,1,1,1,2,2,2,2,2,1,0,0,2,3,453
AC,1,3,1,0,3,2,1,1,1,1,2,1,2,2,2,2,2,1,0,0,3,3,451
AC,1,2,1,0,6,4,2,1,7,1,2,2,2,2,2,2,2,1,0,0,6,2,0
AC,1,4,1,0,5,3,2,2,1,1,1,2,2,2,2,2,2,1,0,0,5,2,100
AC,1,4,1,0,5,2,3,1,1,1,2,1,2,2,2,2,2,1,0,0,5,2,553
AC,1,5,1,0,4,1,3,1,1,1,1,1,2,2,2,1,2,1,0,0,4,2,472
AC,1,5,1,0,12,3,9,3,7,2,2,2,2,2,2,2,2,0,0,0,12,3,271
AC,1,2,3,0,3,1,2,2,1,1,2,2,2,2,2,2,2,1,0,0,3,3,250
AC,1,4,1,0,5,2,3,2,5,1,1,1,2,2,2,1,2,1,0,0,5,3,600
AC,1,3,1,0,1,0,1,1,3,1,1,1,2,2,2,2,2,1,0,0,1,3,0
AC,1,3,1,0,3,1,2,1,1,1,2,1,1,1,2,2,2,1,0,0,3,3,685
AC,1,3,1,0,4,3,1,2,3,1,1,1,2,2,2,2,2,2,0,0,4,3,200
AC,1,4,1,0,4,1,3,1,1,1,2,1,2,2,2,2,2,1,0,0,4,3,251
AC,1,7,1,1,3,1,2,2,1,1,1,1,2,2,2,2,2,1,0,0,3,3,477
AC,1,4,1,0,2,1,1,1,1,1,1,2,2,2,2,2,2,1,0,0,2,9,453
AC,1,5,1,0,2,1,1,2,3,1,1,1,2,2,2,2,2,1,0,0,2,9,302
AC,1,3,1,0,1,0,1,2,6,1,2,2,2,2,2,2,2,0,0,0,1,9,151
AC,1,4,1,0,4,2,2,3,3,2,1,1,2,2,2,2,2,7,1,0,4,9,302
AC,1,5,1,0,7,4,3,2,1,1,1,1,2,2,2,1,2,1,0,0,7,3,301
AC,1,4,1,0,3,1,2,3,5,1,1,1,2,2,2,1,2,1,0,0,3,3,151
AC,1,4,3,0,3,1,2,2,1,1,1,1,2,2,2,2,2,1,0,0,3,3,460
AC,1,4,1,1,5,2,3,1,1,1,2,1,2,2,2,2,2,2,0,0,5,2,786
AC,1,3,1,0,3,1,2,1,1,1,1,2,2,2,2,2,2,1,0,0,3,2,50
AC,1,4,1,1,4,1,3,1,1,1,1,1,2,2,2,2,2,1,0,0,4,2,211
AC,1,5,1,1,11,5,6,1,1,1,2,1,2,2,2,1,2,1,0,0,11,2,1716
AC,1,7,1,1,5,3,2,2,3,1,1,1,1,2,2,1,2,2,0,1,5,2,680
AC,1,5,1,0,6,4,2,2,1,1,1,1,2,2,2,2,2,1,0,0,6,2,1200
AC,1,4,1,0,4,2,2,2,3,1,2,2,2,2,2,2,2,2,0,0,4,3,260
AC,1,5,1,0,5,3,2,2,1,1,2,2,1,2,2,1,2,1,0,0,5,3,300
AC,1,5,1,1,1,0,1,2,3,1,2,1,1,2,2,1,2,1,0,0,1,3,1240
AC,1,4,1,0,4,3,1,1,1,1,1,1,2,2,2,2,2,1,0,0,4,3,251
AC,1,3,3,0,3,2,1,1,1,1,1,1,2,2,2,2,2,1,0,0,3,3,700
AC,1,3,1,0,2,1,1,3,3,2,2,2,2,2,2,2,2,0,0,0,2,3,150
AC,1,4,1,1,1,0,1,2,1,1,1,1,2,2,2,1,2,1,0,0,1,3,570
AC,1,4,1,0,4,3,1,2,1,1,1,1,2,2,2,2,2,0,0,0,4,3,351
AC,1,13,1,5,8,6,2,2,1,1,1,1,1,2,1,1,1,4,3,5,8,3,6250
AC,1,1,3,0,3,2,1,1,2,1,2,2,2,2,2,2,2,1,0,0,3,3,532
AC,1,10,5,2,4,3,1,2,1,1,1,1,1,1,1,1,2,2,1,1,4,1,25000
AC,1,1,3,0,1,1,0,3,6,1,2,2,2,2,2,2,2,1,0,0,1,1,35
AC,1,4,1,0,4,3,1,3,1,1,2,2,2,2,2,2,2,0,0,0,4,1,300
AC,1,4,1,0,5,2,3,3,6,1,1,1,2,2,2,2,2,1,0,0,5,1,200
AC,1,1,1,0,5,2,3,3,4,1,2,2,2,2,2,2,2,1,0,0,5,3,1281
AC,1,1,1,0,3,2,1,3,1,1,1,2,2,2,2,2,2,1,0,0,3,3,0
AC,1,2,1,1,4,1,3,3,1,1,1,1,2,2,2,2,2,1,0,0,4,3,242
AC,1,1,1,0,4,3,1,3,1,1,1,2,2,2,2,2,2,1,0,0,4,3,400
AC,1,1,1,0,4,3,1,2,1,1,2,2,2,2,2,2,2,1,0,0,4,3,151
AC,1,1,1,0,3,2,1,3,5,2,2,2,2,2,2,2,2,0,0,0,3,3,0
AC,1,3,1,1,7,4,3,2,1,1,1,1,2,2,2,1,2,1,0,0,7,3,1265
AC,1,3,4,0,7,3,4,2,6,1,2,1,2,2,2,2,2,1,0,0,7,3,200
AC,1,2,1,0,2,1,1,2,1,1,2,1,2,2,2,2,2,1,0,0,2,2,902
AC,1,1,1,0,4,1,3,3,3,1,2,2,2,2,2,2,2,1,0,0,4,3,300
AC,1,3,1,0,2,1,1,3,1,1,2,2,2,2,2,2,2,1,0,0,2,3,400
AC,1,1,1,0,5,2,3,3,1,1,1,1,2,2,2,2,2,1,0,0,5,3,450
AC,1,4,1,0,5,2,3,2,1,1,1,1,2,2,2,2,2,1,0,0,5,3,430
AC,1,3,1,0,5,3,2,2,1,1,1,1,2,2,2,2,2,1,0,0,5,3,240
AC,1,1,5,0,3,1,2,2,1,1,1,2,2,2,2,2,2,1,0,0,3,3,450
AC,1,2,1,0,3,2,1,3,6,1,1,2,2,2,2,2,2,1,0,0,3,3,0
AC,1,1,1,0,6,4,2,3,1,1,2,2,2,2,2,2,2,1,0,0,6,3,233
AC,1,2,1,1,5,3,2,2,1,1,1,2,2,2,2,2,2,1,0,0,5,3,180
AC,1,2,5,0,3,2,1,3,3,1,1,1,2,2,2,2,2,0,0,0,3,3,251
AC,1,1,1,0,4,2,2,2,1,1,1,1,2,2,2,2,2,1,0,0,4,3,447
AC,1,1,1,0,4,0,4,2,1,1,2,2,2,2,2,2,2,0,0,0,4,3,300
AC,1,2,1,0,3,2,1,2,1,1,1,1,2,2,2,2,2,2,0,0,3,3,623
AC,1,,,,5,3,2,,,,,,,,,,,,,,5,3,0
AC,1,2,1,0,5,3,2,3,1,2,1,2,2,2,2,2,2,1,0,0,5,3,351
AC,1,4,1,1,4,2,2,2,1,1,1,2,2,2,2,2,2,1,0,0,4,3,100
AC,1,1,5,0,3,1,2,3,1,2,2,2,2,2,2,2,2,0,0,0,3,3,200
AC,1,4,5,1,4,2,2,3,6,1,1,1,2,2,2,1,2,1,1,0,4,3,400
AC,1,4,5,0,3,2,1,2,1,1,1,2,2,2,2,2,2,1,0,0,3,3,150
AC,1,4,5,1,5,1,4,3,1,1,1,2,2,2,2,2,2,0,0,0,5,3,151
AC,1,4,5,1,3,1,2,3,1,1,1,2,2,2,2,2,2,1,0,0,3,3,0
AC,1,4,5,1,3,2,1,3,1,1,1,1,2,2,2,2,2,1,0,0,3,3,0
AC,1,4,5,1,4,2,2,1,1,1,1,2,2,2,2,2,2,1,0,0,4,3,388
AC,1,4,5,1,6,3,3,1,1,1,2,2,2,2,2,2,2,1,0,0,6,3,100
AC,1,4,5,1,3,2,1,1,1,1,1,2,2,2,2,2,2,1,0,0,3,3,400
AC,1,4,5,1,5,2,3,1,1,1,2,2,2,2,2,2,2,1,0,0,5,3,400
AC,1,6,1,1,4,1,3,1,5,1,1,1,2,2,2,1,2,1,0,0,4,3,319
AC,1,1,1,0,1,0,1,3,1,1,2,2,2,2,2,2,2,1,0,0,1,3,130
AC,1,3,1,0,4,2,2,3,1,2,2,2,2,2,2,2,2,1,0,0,4,3,100
AC,1,4,5,1,3,2,1,3,1,1,1,1,2,2,2,2,2,2,0,0,3,3,200
AC,1,4,5,1,3,1,2,3,1,1,1,2,2,2,2,2,2,0,0,0,3,3,451
AC,1,4,1,1,5,3,2,3,1,2,2,2,2,2,2,2,2,0,0,0,5,3,171
AC,1,1,3,0,3,1,2,1,1,1,1,1,2,2,2,2,2,0,0,0,3,3,498
AC,1,4,1,1,4,2,2,1,1,1,1,2,2,2,2,2,2,1,0,0,4,3,265
AC,1,3,5,0,6,4,2,2,1,1,1,1,2,2,2,1,2,1,0,0,6,3,282
AC,1,4,1,1,6,4,2,1,1,1,1,1,2,2,2,2,2,1,0,0,6,3,1020
AC,1,3,1,0,2,1,1,1,1,1,2,2,2,2,2,2,2,1,0,0,2,3,551
AC,1,4,1,0,3,2,1,1,1,1,1,2,2,2,2,2,2,0,0,0,3,3,0
AC,1,2,5,0,4,2,2,3,1,1,1,2,2,2,2,2,2,0,0,0,4,3,0
AC,1,4,1,0,6,2,4,1,1,1,2,1,2,2,2,2,2,1,0,0,6,3,302
AC,1,1,1,0,3,2,1,1,1,1,1,2,2,2,2,2,2,1,0,0,3,3,300
